hallazgo_id,plan_id,auditor,name_hallazgo,capitulo,dependencia,descripcion,causa,efecto
1,1,rberdugo,2.1.2.2.1,01 - AUDITORIA DE REGULARIDAD,OACI,"HALLAZGO ADMINISTRATIVO POR INCUMPLIMIENTO DEL PLAN DE MEJORAMIENTO Y EL CIERRE DE ACCIONES POR PARTE DE LA ENTIDAD, SIN QUE EXISTAN LOS SOPORTES SUFICIENTES Y VÁLIDOS PARA EL CIERRE DE LAS MISMAS.","FALTA DE SEGUIMIENTO, CONTROL Y MONITOREO POR PARTE DE LAS DIFERENTES ÁREAS, PROCESOS, Y SUBSISTEMAS DE LA UNIVERSIDAD, RESPONSABLES DEL CUMPLIMIENTO DE LAS ACCIONES COMPROMETIDAS EN EL PLAN DE MEJORAMIENTO, EN EL ENTENDIDO QUE CADA JEFE DE ÁREA O PROCESO",
2,1,rberdugo,2.1.3.2.15,01 - AUDITORIA DE REGULARIDAD,BI,"HALLAZGO ADMINISTRATIVO POR FALTA DE SEGUIMIENTO Y CONTROL A CADA ESTUDIANTE BENEFICIADO CON EL SERVICIO DEL PROGRAMA DE APOYO ALIMENTARIO, A FIN DE DETERMINAR SI EL BENEFICIADO LO UTILIZA EFECTIVAMENTE DURANTE EL PERÍODO ACADÉMICO","LA UNIVERSIDAD ESTÁ GENERANDO UN DESGASTE ADMINISTRATIVO TANTO PARA LA ESTRUCTURACIÓN Y GESTIÓN DEL PROGRAMA DE APOYO ALIMENTARIO COMO PARA LA CONVOCATORIA Y SELECCIÓN DE LOS ESTUDIANTES A, B Y SUBSIDIO TOTAL, PUES FINALMENTE, LA OPCIÓN DE REPELE INCLUYE ",
3,1,rberdugo,2.1.3.2.16,01 - AUDITORIA DE REGULARIDAD,DRH,"HALLAZGO ADMINISTRATIVO CON INCIDENCIA FISCAL EN CUANTÍA DE $91.198.610 Y PRESUNTA INCIDENCIA DISCIPLINARIA EN OCASIÓN DE MAYORES VALORES PAGADOS, DEBIDO A LAS FALLAS EN EL CONTROL Y SEGUIMIENTO DE NOVEDADES DE PERSONAS FALLECIDAS","SE EVIDENCIÓ QUE NO SE HA LOGRADO EL REINTEGRO POR PARTE DE COMPENSAR DE LOS MAYORES VALORES PAGADOS DESCRITOS EN EL CUADRO ANTERIOR, PESE A QUE LOS CONTRATOS SE ENCUENTRAN TERMINADOS; SITUACIÓN QUE GENERÓ MAYORES VALORES PAGADOS, POR SERVICIOS NO PRESTAD",
4,1,rberdugo,2.1.3.2.17,01 - AUDITORIA DE REGULARIDAD,OAJ,"HALLAZGO ADMINISTRATIVO CON PRESUNTA INCIDENCIA DISCIPLINARIA POR DEBILIDADES EN LA ELABORACIÓN DE LOS ESTUDIOS PREVIOS, EN LOS ESTUDIOS ECONÓMICOS DE  CONVENIENCIA Y OPORTUNIDAD SÓLIDOS, CON CUADROS COMPARATIVOS DE MERCADO","FALENCIA EN LA CONFORMACIÓN DE LOS EXPEDIENTES CONTRACTUALES, QUE CARECEN DE GRAN PARTE DE LA INFORMACIÓN, TANTO DE LAS ETAPAS PRECONTRACTUAL COMO CONTRACTUAL, QUE NO PERMITEN HACER EN GRADO DE CERTEZA LA RESPECTIVA EVALUACIÓN.",
5,1,rberdugo,2.1.3.2.19,01 - AUDITORIA DE REGULARIDAD,OAPC,"HALLAZGO ADMINISTRATIVO CON PRESUNTA INCIDENCIA DISCIPLINARIA, POR EL INCUMPLIMIENTO A LOS TÉRMINOS  PROPUESTOS EN LOS LINEAMIENTOS DE LA ENTIDAD PARA LA AMPLIACIÓN Y DIVERSIFICACIÓN DE LA OFERTA -PLAN DECENAL DE DESARROLLO DE LA UNIVERSIDAD ","EN CONSECUENCIA, LOS RETRASOS EN EL PROYECTO (ETAPA 1 Y ETAPA 2) SE DIERON COMO  CONSECUENCIA DE LA FALTA DE PLANEACIÓN Y AJUSTE EN OPORTUNIDAD DE LOS ESTUDIOS TÉCNICOS, APLICACIÓN DE LA MODIFICACIÓN DE LA NORMATIVA ELÉCTRICA (RETIE), AJUSTES EN LA ACTUAL",
6,1,rberdugo,2.1.3.2.2,01 - AUDITORIA DE REGULARIDAD,RED RITA,"HALLAZGO ADMINISTRATIVO POR CUANTO LOS SOPORTES Y LA INFORMACIÓN DEL EXPEDIENTE CONTRACTUAL NO SE ENCUENTRA COMPLETA Y LA FALTA DE UNIFICACIÓN DE CRITERIOS CON RELACIÓN AL TEMA DE LA GARANTÍA EXTENDIDA, QUE HACE PARTE DE LOS ÍTEMS CONTRATADOS POR LA UDFJC","EN ESTE ORDEN DE IDEAS, ES CLARO QUE EXISTE EN LA GESTIÓN CONTRACTUAL OBJETO DE EVALUACIÓN UNA CONFUSIÓN ENTRE LA GARANTÍA BÁSICA, LA GARANTÍA EXTENDIDA Y LA PÓLIZA DE CUMPLIMIENTO, PUDIÉNDOSE ADQUIRIR UNA GARANTÍA INNECESARIA, O SUSCRIBIR CONTRATOS CON C",
7,1,rberdugo,2.1.3.2.7,01 - AUDITORIA DE REGULARIDAD,OAJ,"HALLAZGO ADMINISTRATIVO CON PRESUNTA INCIDENCIA DISCIPLINARIA AL EVIDENCIAR INADECUADO MANEJO DEL EXPEDIENTE DOCUMENTAL VULNERACIÓN AL PRINCIPIO DE PLANEACIÓN, POR NO PREVER LOS RIESGOS PREVISIBLES QUE CONLLEVARON A PRÓRROGAS INJUSTIFICADAS EN EL CONTRATO","SE EVIDENCIÓ  QUE NO SE ALLEGARON AL EXPEDIENTE CONTRACTUAL LOS DOCUMENTOS RELACIONADOS CON LA EJECUCIÓN DEL CONTRATO Y/O CON LA ADICIÓN O PRÓRROGA, PESE A QUE, DURANTE EL DESARROLLO DEL PROCESO AUDITOR, SE RECIBEN LOS DOCUMENTOS QUE SE VAN PRODUCIENDO.",
8,1,rberdugo,2.1.4.2.2,01 - AUDITORIA DE REGULARIDAD,OAPC,HALLAZGO ADMINISTRATIVO CON PRESUNTA INCIDENCIA DISCIPLINARIA POR UNA GESTIÓN PRESUPUESTAL INEFICIENTE POR PARTE DE LA UDFJC DURANTE LA VIGENCIA 2016.,"LA BAJA EJECUCIÓN DE LOS RECURSOS ASIGNADOS AL RUBRO DE INVERSIÓN PARA LA VIGENCIA 2016, OBEDECE A LA FALTA DE PLANEACIÓN Y GESTIÓN EN EL MANEJO DE ELLOS POR PARTE DE LA UDFJC.",
9,1,rberdugo,2.3.1.1,01 - AUDITORIA DE REGULARIDAD,SCON,"HALLAZGO ADMINISTRATIVO CON PRESUNTA INCIDENCIA DISCIPLINARIA, POR FALTA DE DOCUMENTOS SOPORTES IDÓNEOS DE ALGUNOS DEUDORES, QUE GENERA INCERTIDUMBRE.","ANALIZADOS LOS REGISTROS CONTABLES, LAS NOTAS A LOS ESTADOS CONTABLES Y LA ESPUESTA DADAS POR LA UNIVERSIDAD MEDIANTE RADICADOS NOS. 2016EE884 O 1 DEL 1/04/2016 Y 2016EE949 O 1 DEL 7/04/2016 SE ESTABLECIERON EN LA CUENTA 1420 REGISTROS EN VARIOS AUXILIARE",
10,1,rberdugo,2.3.1.1,01 - AUDITORIA DE REGULARIDAD,DRH,"HALLAZGO ADMINISTRATIVO CON PRESUNTA INCIDENCIA DISCIPLINARIA, POR FALTA DE DOCUMENTOS SOPORTES IDÓNEOS DE ALGUNOS DEUDORES, QUE GENERA INCERTIDUMBRE.",LO GENERA INCERTIDUMBRE MATERIAL GENERALIZADA EN EL SALDO DE LA CUENTA 1420 AVANCES Y ANTICIPOS ENTREGADOS. CUENTA 1424 RECURSOS ENTREGADOS EN ADMINISTRACIÓN. CUENTA 1470 OTROS DEUDORES. CUENTA AUXILIAR 147008 CUOTAS PARTES PENSIONALES.,
11,1,rberdugo,2.3.1.2.1,01 - AUDITORIA DE REGULARIDAD,IDEXUD,HALLAZGO ADMINISTRATIVO CON PRESUNTA INCIDENCIA DISCIPLINARIA POR FALTA DE CONSISTENCIA EN LAS CIFRAS REPORTADAS SOBRE EL EFECTIVO DE LA UDFJC Y PARTIDAS PENDIENTES POR DEPURAR,CANTIDAD DE APERTURA DE CUENTAS BANCARIAS SIN CERRAR POR ENCONTRARSE  CONVENIOS ACTIVOS SIN CANCELAR,
12,1,rberdugo,2.3.1.2.10,01 - AUDITORIA DE REGULARIDAD,OAS,HALLAZGO ADMINISTRATIVO CON PRESUNTA INCIDENCIA DISCIPLINARIA POR DEFICIENTE GESTIÓN Y RESULTADOS AL NO REALIZAR LA CONCILIACIÓN DE LOS SALDOS,"MEDIANTE LEVANTAMIENTO DE INFORMACIÓN, SE PUDO ESTABLECER QUE EXISTEN DIFERENCIAS EN LA MAYORÍA DE LAS CUENTAS DE PROPIEDADES, PLANTA Y EQUIPO DEL ENTE AUDITADO, FRENTE A LOS SALDOS QUE MANEJA ALMACÉN Y CONTABILIDAD, SITUACIÓN REITERATIVA OBSERVADA EN PER",
13,1,rberdugo,2.3.1.2.13,01 - AUDITORIA DE REGULARIDAD,OAS,HALLAZGO ADMINISTRATIVO CON PRESUNTA INCIDENCIA DISCIPLINARIA POR PRESENTAR INCONSISTENCIAS EL SALDO DE LA DEPRECIACIÓN ACUMULADA Y FALTA DE RECONOCIMIENTO DE LA AMORTIZACIÓN DE INTANGIBLES,"LA CUENTA DE DEPRECIACIÓN ACUMULADA CON CORTE A 31 DE DICIEMBRE DE 2016 PRESENTA UN SALDO POR VALOR DE $61.418.171.720,34",
14,1,rberdugo,2.3.1.2.14,01 - AUDITORIA DE REGULARIDAD,SCON,. HALLAZGO ADMINISTRATIVO POR EL LENTO ESTUDIO DE LOS PASIVOS Y/O ACTIVOS DERIVADOS DEL CALCULO ACTUARIAL,"SE DEBE A LO COMPLEJO DEL TEMA A LA FALTA DE CONTINUIDAD DE ATENCIÓN SOBRE EL ASUNTO, UNIDO A FALLAS EN PROCESOS Y PROCEDIMIENTOS Y AL NO TRABAJO CONSTANTE DE PARTE DE LAS ADMINISTRACIONES FRENTE A UN TEMA DE IMPACTO.",
15,1,rberdugo,2.3.1.2.16,01 - AUDITORIA DE REGULARIDAD,SCON,HALLAZGO ADMINISTRATIVO CON PRESUNTA INCIDENCIA DISCIPLINARIA POR FALTA DE CONCILIACIÓN Y DEPURACIÓN EN CIFRAS DE NATURALEZA CONTRARIA.,"DEFICIENCIA EN LOS SISTEMAS DE INFORMACIÓN, EL PRECARIO CONTROL Y AUTOCONTROL POR CARENCIA DE LA TOTALIDAD DE PERSONAL EN LAS ÁREAS INVOLUCRADAS ENTRE OTROS ASPECTOS.",
16,1,rberdugo,2.3.1.2.20,01 - AUDITORIA DE REGULARIDAD,DRH,HALLAZGO ADMINISTRATIVO CON PRESUNTA INCIDENCIA DISCIPLINARIA POR LA NO TOMA DE DECISIONES ADMINISTRATIVAS FRENTE A LAS DEUDAS PRESUNTAS CON EL ISS HOY COLPENSIONES.,FALTA DE COMUNICACIÓN ENTRE LAS ÁREAS INVOLUCRADAS EXISTIENDO INFORMACIÓN QUE AFECTA DIRECTAMENTE LA INFORMACIÓN FINANCIERA.,
17,1,rberdugo,2.3.1.2.21,01 - AUDITORIA DE REGULARIDAD,SCON,"HALLAZGO ADMINISTRATIVO CON PRESUNTA INCIDENCIA DISCIPLINARIA POR FALTA DE SOPORTES, CONFIABILIDAD Y REVELACIÓN EN LAS NOTAS A LOS ESTADOS CONTABLES","ES DE ANOTAR QUE SE VERIFICÓ EL REPORTE DE DEPRECIACIÓN DE LOS ACTIVOS A LA UNIVERSIDAD, ENCONTRÁNDOSE UNA DIFERENCIA QUE ASCIENDE A LA SUMA DE $10.368.904.100,22CON CORTE A 30 DE SEPTIEMBRE DE 2016 Y FRENTE A LA ACTUALIZACIÓN DEL CÁLCULO ACTUARIAL SE EVI",
18,1,rberdugo,2.3.1.2.22,01 - AUDITORIA DE REGULARIDAD,DRH,HALLAZGO ADMINISTRATIVO CON INCIDENCIA FISCAL EN CUANTÍA DE $11.725.632 Y PRESUNTA INCIDENCIA DISCIPLINARIA POR PAGO LIQUIDACIÓN INDEMNIZACIÓN MORATORIA EN CESANTÍAS DEFINITIVAS   ,"SE ORIGINA POR DEFICIENTE FLUJO DE INFORMACIÓN EN LA DIRECCIÓN DE SERVICIOS ADMINISTRATIVOS DE LA UDFJC, EN CONSECUENCIA SE PAGARON DE MANERA EXTEMPORÁNEA LOS INTERESES DE CESANTÍAS, DENOTANDO UNA GESTIÓN INEFICIENTE Y ANTIECONÓMICA Y GENERANDO UN DAÑO AL",
19,1,rberdugo,2.3.1.2.24,01 - AUDITORIA DE REGULARIDAD,OAJ,HALLAZGO ADMINISTRATIVO CON INCIDENCIA FISCAL EN CUANTÍA DE $1.119.188 Y PRESUNTA INCIDENCIA DISCIPLINARIA POR LA CANCELACIÓN DE INTERESES DE MORA EN EL PAGO DE UNA SENTENCIA,PAGO DE INTERESES DE MORA EN APLICACIÓN DE UN FALLO DE SENTENCIA JUDICIAL,
20,1,rberdugo,2.3.1.2.25,01 - AUDITORIA DE REGULARIDAD,SG,HALLAZGO ADMINISTRATIVO CON PRESUNTA INCIDENCIA DISCIPLINARIA POR LA NO AFECTACIÓN DE LAS NÓMINAS DE PENSIONADOS,SE ORIGINA POR LOS DEFICIENTES SISTEMAS DE INFORMACIÓN Y LA CARENCIA DE UN SISTEMA EN LÍNEA UNIDO A LOS MALOS CANALES DE COMUNICACIÓN ENTRE LAS ÁREAS,
21,1,rberdugo,2.3.1.2.26,01 - AUDITORIA DE REGULARIDAD,SCON,HALLAZGO ADMINISTRATIVO POR CARENCIA DE CONCILIACIÓN Y DEPURACIÓN DE CIFRAS,"AL EVALUAR LA CUENTA GASTOS AJUSTE DE EJERCICIOS ANTERIORES, SE EVIDENCIA EN CONCORDANCIA CON LO YA EXPRESADO, QUE SE PRETENDIÓ REGISTRAR EVENTOS ANTERIORES QUE AUN HOY NO SE TIENEN CLAROS LOS ASPECTOS CUANTITATIVOS Y CUALITATIVOS COMO EL CÁLCULO DE DEPRE",
22,1,rberdugo,2.3.1.2.27,01 - AUDITORIA DE REGULARIDAD,SCON,HALLAZGO ADMINISTRATIVO CON PRESUNTA INCIDENCIA DISCIPLINARIA POR PUBLICACIÓN DE ESTADOS CONTABLES,"SE OBSERVA  QUE NO SE DA APLICACIÓN ESTRICTA A LA PERIODICIDAD EN LA PUBLICACIÓN DE LOS ESTADOS CONTABLES BÁSICOS, QUE ESTABLECE EL MANUAL DE PROCEDIMIENTOS CONTABLES. EN CONSECUENCIA, SE INCUMPLE EL MANUAL DE PROCEDIMIENTOS DEL RÉGIMEN DE",
23,1,rberdugo,2.3.1.2.28,01 - AUDITORIA DE REGULARIDAD,SCON,HALLAZGO ADMINISTRATIVO CON PRESUNTA INCIDENCIA DISCIPLINARIA POR SUPERAR EL 5% LAS SUBCUENTAS “OTROS” DEL TOTAL DE LA CUENTA PRINCIPAL RESPECTIVA.,"EN CONSECUENCIA, POR FALTA DE CONTROL Y APLICACIÓN DEL PROCEDIMIENTO ESTABLECIDO EN EL MANUAL DE PROCEDIMIENTOS CONTENIDO EN EL RÉGIMEN DE CONTABILIDAD PÚBLICA EN EL NUMERAL 11 DEL CAPÍTULO II, TÍTULO II, LIBRO II, SE CONFIGURA UNA OBSERVACIÓN ADMINISTRAT",
24,1,rberdugo,2.3.1.2.29,01 - AUDITORIA DE REGULARIDAD,OAS,HALLAZGO ADMINISTRATIVO CON PRESUNTA INCIDENCIA DISCIPLINARIA POR FALTA DE PLANEACIÓN PARA IMPLEMENTAR UN SISTEMA CONFIABLE,"EL SALDO DE $3.211.781.583,37 QUE PRESENTA LA PROVISIÓN DE OTROS DEUDORES GENERA INCERTIDUMBRE E INCUMPLIMIENTO A LAS NORMAS TÉCNICAS RELATIVAS A LOS DEUDORES CONSIDERADAS EN LOS PÁRRAFOS 154, 155 Y 157 DEL PLAN GENERAL DE CONTABILIDAD PÚBLICA CONTENIDO E",
25,1,rberdugo,2.3.1.2.3,01 - AUDITORIA DE REGULARIDAD,SCON,HALLAZGO ADMINISTRATIVO CON PRESUNTA INCIDENCIA DISCIPLINARIA POR LA PRESENTACIÓN DE CIFRAS DIFERENTES A LOS USUARIOS DE LA INFORMACIÓN CONTABLE CON CORTE A 31 DE DICIEMBRE DE 2016.,A SI MISMO SE IDENTIFICÓ LA FALTA DE  UN APLICATIVO DE GRABACIÓN DE LLAMDAS PARA CIERRE DE NEGOCIOS.,
26,1,rberdugo,2.3.1.2.31,01 - AUDITORIA DE REGULARIDAD,OACI,HALLAZGO ADMINISTRATIVO CON PRESUNTA INCIDENCIA DISCIPLINARIA INCUMPLIMIENTO AL PLAN DE MEJORAMIENTO.,FALTA DE SEGUIMIENTO OPORTUNO AL CUMPLIMINETO DE LAS ACCIONES PORPUESTAS POR LAS DEPENDENCIAS,
27,1,rberdugo,2.3.1.2.32,01 - AUDITORIA DE REGULARIDAD,TGE,"HALLAZGO ADMINISTRATIVO CON PRESUNTA INCIDENCIA DISCIPLINARIA, POR LA NO EXISTENCIA DE UN SISTEMA QUE EVIDENCIE EL CIERRE DE LOS NEGOCIOS DE PORTAFOLIO",SE PRESENTA POR LA FALTA DE PLANEACIÓN Y DE CONTROL DE LOS SISTEMAS DE INFORMACIÓN DESARTICULADOS EN CADA ÁREA. DE IGUAL MANERA NO SE EVIDENCIA AL CIERRE DEL NEGOCIO DE COLOCACIÓN DE DINERO.,
28,1,rberdugo,2.3.1.2.33,01 - AUDITORIA DE REGULARIDAD,OAPC,HALLAZGO ADMINISTRATIVO CON PRESUNTA INCIDENCIA DISCIPLINARIA NO EXISTE MAPA DE RIESGO NI PLAN DE MANEJO ACTUALIZADOS,EL EFECTO ES LA TARDÍA ATENCIÓN DE LOS RIESGOS QUE HAN DE MINIMIZAR EN EL CORTO TIEMPO Y LA CAUSA ES LA FALTA DE PLANEACIÓN Y DE CONTROL DE LOS SISTEMAS DE INFORMACIÓN DESARTICULADOS EN CADA ÁREA.,
29,1,rberdugo,2.3.1.2.34,01 - AUDITORIA DE REGULARIDAD,DRH,HALLAZGO ADMINISTRATIVO CON PRESUNTA INCIDENCIA DISCIPLINARIA POR DESACTUALIZACIÓN DEL MANUAL DE PROCEDIMIENTOS DEL ÁREA DE RECURSOS HUMANOS.,"FALTA DE CONTROL DE LOS SISTEMAS DE INFORMACIÓN DESARTICULADOS EN CADA ÁREA, ADEMÁS DE EVIDENCIARSE UN DESCONOCIMIENTO DE LAS NORMAS QUE REGULAN LOS PROCESOS DE RECURSOS HUMANOS QUE PUEDEN INCIDIR EN LA CORRECTA APLICACIÓN DE LOS MISMOS; LO QUE CONLLEVA A",
30,1,rberdugo,2.3.1.2.36,01 - AUDITORIA DE REGULARIDAD,AGI,HALLAZGO ADMINISTRATIVO CON PRESUNTA INCIDENCIA DISCIPLINARIA POR INCONSISTENCIA EN LA INFORMACIÓN.,FALTA DE PLANEACIÓN Y DE  CONTROL DE LOS SISTEMAS DE INFORMACIÓN DESARTICULADOS EN CADA ÁREA.,
31,1,rberdugo,2.3.1.2.4,01 - AUDITORIA DE REGULARIDAD,DRH,HALLAZGO ADMINISTRATIVO POR NO LEGALIZACIÓN OPORTUNA DE DOS AVANCES.,"FALTA DE PLANEACIÓN, AGREGADO A FALLAS EN EL CONTROL Y AUTOCONTROL DE LA ASIGNACIÓN, MANEJO Y SEGUIMIENTO A LOS AVANCES GIRADOS A TERCEROS",
32,1,rberdugo,2.3.1.2.5,01 - AUDITORIA DE REGULARIDAD,OAJ,"HALLAZGO ADMINISTRATIVO CON PRESUNTA INCIDENCIA DISCIPLINARIA POR DEFICIENTE GESTIÓN Y RESSIULTADOS AL NO LEGALIZAR AVANCES, ANTICIPOS PARA PROYECTOS Y POSGRADOS",FALTA DE SEGUIMIENTO Y EFECTIVA EN LOS PROCESOS DE EMBARGO,
33,1,rberdugo,2.3.1.2.6,01 - AUDITORIA DE REGULARIDAD,DRH,"HALLAZGO ADMINISTRATIVO CON PRESUNTA INCIDENCIA DISCIPLINARIA POR FALTA DE ACTUALIZACIÓN, IDENTIFICACIÓN, CLASIFICACIÓN, SOPORTES, CONCILIACIÓN, GESTIÓN, RECUPERACIÓN Y CONTROL EN EL REGISTRO, MANEJO Y RECOBRO DE LAS CUOTAS PARTES","PRESENTA INCERTIDUMBRE MATERIAL GENERALIZADA EN EL SALDO DE LA SUBCUENTA 147008 CUOTAS PARTES PENSIÓNALES E INCUMPLIMIENTO A LO ESTABLECIDO EN EL NUMERAL 7 CARACTERÍSTICAS CUALITATIVAS DE LA INFORMACIÓN CONTABLE PÚBLICA PÁRRAFOS 103, 104, 105, 106,108 SOB",
34,1,rberdugo,2.3.1.2.7,01 - AUDITORIA DE REGULARIDAD,SCON,"HALLAZGO ADMINISTRATIVO CON PRESUNTA INCIDENCIA DISCIPLINARIA POR FALTA DE EFECTIVIDAD EN LA GESTIÓN REALIZADA CON LOS RECURSOS RESTRINGIDOS DESDE LAS VIGENCIAS 2002, 2007, 2008, 2013 Y 2014;",CARENCIA DE SEGUIMIENTO EFECTIVO A LAS LOS PROCESOS JUDICIALES QUE HAN TERMINADO EMBARGANDO CUENTAS BANCARIAS DE  LA UNIVERSIDAD DISTRITAL,
35,1,rberdugo,2.3.1.2.8,01 - AUDITORIA DE REGULARIDAD,VAF,HALLAZGO ADMINISTRATIVO CON PRESUNTA INCIDENCIA DISCIPLINARIA POR GESTIÓN DEFICIENTE Y FALTA DE CONTROL PARA LA RECUPERACIÓN DE RECURSOS A FAVOR DE LA UNIVERSIDAD,"EN CONSECUENCIA, POR FALTA DE CONTROL Y APLICACIÓN DEL PROCEDIMIENTO ESTABLECIDO EN EL MANUAL DE PROCEDIMIENTOS CONTENIDO EN EL RÉGIMEN DE CONTABILIDAD PÚBLICA EN EL NUMERAL 11 DEL CAPÍTULO II, TÍTULO II, LIBRO II, SE CONFIGURA UNA OBSERVACIÓN ADMINISTRAT",
36,1,rberdugo,2.3.1.2.9,01 - AUDITORIA DE REGULARIDAD,SCON,"HALLAZGO ADMINISTRATIVO CON PRESUNTA INCIDENCIA DISCIPLINARIA POR FALTA DE ANÁLISIS DE LOS DEUDORES PARA EFECTOS DE DETERMINAR MÉTODOS Y PORCENTAJES DE PROVISIÓN,","AL CIERRE DE LA VIGENCIA 2016 LA PROVISIÓN PARA DEUDORES ASCIENDE A LA SUMA DE $3.667.028.195,74, QUE DE ACUERDO A INFORMACIÓN REVELADA EN LAS NOTAS A LOS ESTADOS FINANCIEROS CORRESPONDE AL 5% PARA CUOTAS PARTES PENSIÓNALES, 100% PARA LAS DEUDAS DE DIFÍCI",
37,1,rberdugo,2.3.1.3,01 - AUDITORIA DE REGULARIDAD,SCON,"HALLAZGO ADMINISTRATIVO CON PRESUNTA INCIDENCIA DISCIPLINARIA POR INCERTIDUMBRE EN EL SALDO DE LAS CUENTAS 1615 CONSTRUCCIONES EN CURSO, 1635 BIENES MUEBLES EN BODEGA, 1640 EDIFICACIONES, 1650 REDES, LÍNEAS Y CABLES, 1655 MAQUINARIA Y EQUIPO, 1660 EQUIPO ","AL CRUZAR LA INFORMACIÓN REFLEJADA EN LOS ESTADOS CONTABLES A 31/12/2015, EN LA CUENTA 1615 CONSTRUCCIONES EN CURSO, CON LA INFORMACIÓN SUMINISTRADA POR LAS AREAS DE RECURSOS FÍSICOS, ALMACEN Y PLANEACIÓN DE LA UDFJC.",
38,1,rberdugo,2.3.1.4,01 - AUDITORIA DE REGULARIDAD,AGI,"HALLAZGO ADMINISTRATIVO CON PRESUNTA INCIDENCIA DISCIPLINARIA POR  FALTA DE DEPURACIÓN DE CUENTAS POR PAGAR POR $890,3 MILLONES, QUE GENERA INCERTIDUMBRE.",FALTA DE GESTIÓN EN LA DEPURACIÓN CONTABLE,
39,1,rberdugo,2.3.1.6,01 - AUDITORIA DE REGULARIDAD,OAS,"HALLAZGO ADMINISTRATIVO CON PRESUNTA INCIDENCIA DISCIPLINARIA, POR DEFICIENCIAS EN ACTIVIDADES DE CONTROL DE LA ETAPA DE RECONOCIMIENTO QUE AFECTAN LA CONSISTENCIA Y CONFIABILIDAD DE LA INFORMACIÓN CONTABLE.",* PORQUE NO SE HAN TENIDO LOS SUFICIENTES RECURSOS QUE PERMITAN IMPLEMENTAR UN SISTEMA INTEGRAL DE INFORMACIÓN  * PORQUE NO EXISTE UN TRABAJO MANCOMUNADO ENTRE LAS D,
40,1,rberdugo,2.3.1.8,01 - AUDITORIA DE REGULARIDAD,SCON,HALLAZGO ADMINISTRATIVO CON PRESUNTA INCIDENCIA DISCIPLINARIA POR LA NO CONCILIACIÓN DE INFORMACIÓN ENTRE EL ÁREA DE CONTABILIDAD Y LAS ÁREAS ENCARGADAS DE LA GENERACIÓN Y CONTROL DE LA INFORMACIÓN Y CON TERCEROS.,"EN LA CUENTA 147090 OTROS DEUDORES, SE REGISTRAN CUENTAS POR COBRAR SIN MOVIMIENTO DE LAS VIGENCIAS 2007, 2009, 2011, 2012, 2013, 2014 Y 2015 Y EN LAS NOTAS A LOS ESTADOS CONTABLES NO SE INFORMAN LAS CAUSAS DE TAL SITUACIÓN; AL IGUAL QUE NO SE REALIZÓ CON",
41,1,rberdugo,3.1.1.1,02 - AUDITORIA DE DESEMPEÑO,AGI,"HALLAZGO ADMINISTRATIVO CON PRESUNTA INCIDENCIA DISCIPLINARIA, POR IRREGULARIDADES EN EL REGISTRO CONTABLE DEL CÉSPED REACH 50 ADQUIRIDO MEDIANTE  ORDEN DE SERVICIOS DE SC-076-2014.",NO SE ENCUENTRA REGISTRO EN EL ALMACEN DEL CÉSPED,
42,1,rberdugo,3.1.1.2,02 - AUDITORIA DE DESEMPEÑO,IDEXUD,HALLAZGO ADMINISTRATIVO CON INCIDENCIA FISCAL EN CUANTÍA DE OCHO MILLONES CUATROCIENTOS MIL PESOS M/CTE. ($8.400.000.OO) Y PRESUNTA INCIDENCIA DISCIPLINARIA POR EL RECONOCIMIENTO Y PAGO DE LAS OBLIGACIONES CONTRACTUALES SIN LA PRESENTACIÓN DE SOPORTES E I,"FALTA DE REGLAMENTACIÓN INTERNA, CON EL FIN DE CONTAR CON CONTROLES Y ACCIONES CLARAS EN EL PROCESO PRECONTRACTUAL, CONTRACTUAL, POSTCONTRACTUAL PRESUPUESTAL Y FINANCIERO, CON EL FIN DE CONTAR CON PUNTOS DE CONTROL EN LOS PROCEDIMIENTOS Y TIEMPOS DE RESPU",
43,1,rberdugo,3.1.1.2.1,01 - AUDITORIA DE REGULARIDAD,OAJ,"HALLAZGO ADMINISTRATIVO POR CARENCIA EN EL CUMPLIMIENTO DE LOS PROCEDIMIENTOS RELACIONADOS CON LOS PROCESOS DE PLANEACIÓN, CONTROL, SEGUIMIENTO Y SUPERVISIÓN.",CARENCIA DE UNA  REGLAMENTACIÓN INTERNA QUE PRECISE LOS DOCUMENTOS  Y TERMINOS DE PUBLICACIÓN EN SECOP I.,
44,1,rberdugo,3.1.1.2.2,01 - AUDITORIA DE REGULARIDAD,OACI,"HALLAZGO ADMINISTRATIVO CON PRESUNTA INCIDENCIA DISCIPLINARIA POR INCUMPLIMIENTO DE 59 ACCIONES Y LA INEFECTIVIDAD EN 32 ACCIONES PROPUESTAS EN EL PLAN DE MEJORAMIENTO POR LA UNIVERSIDAD DISTRITAL FRANCISCO JOSÉ DE CALDAS, PARA SUBSANAR LAS CAUSAS QUE ORI","""INCUMPLIMIENTO DE 59 ACCIONES Y LA INEFECTIVIDAD EN 32 ACCIONES PROPUESTAS EN EL  PLAN DE MEJORAMIENTO.""",
45,1,rberdugo,3.1.1.3,02 - AUDITORIA DE DESEMPEÑO,IDEXUD,"HALLAZGO ADMINISTRATIVO CON INCIDENCIA FISCAL EN CUANTÍA DE $1.750.000 Y PRESUNTA INCIDENCIA DISCIPLINARIA Y PENAL, POR EL RECONOCIMIENTO Y PAGO DE OBLIGACIONES ADQUIRIDAS SIN EL LLENO DE LOS REQUISITOS PRESUPUESTALES Y CONTRACTUALES, POR LA SUSCRIPCIÓN D","FALTA DE REGLAMENTACIÓN INTERNA, CON EL FIN DE CONTAR CON CONTROLES Y ACCIONES CLARAS EN EL PROCESO PRECONTRACTUAL, CONTRACTUAL, POSTCONTRACTUAL PRESUPUESTAL Y FINANCIERO, CON EL FIN DE CONTAR CON PUNTOS DE CONTROL EN LOS PROCEDIMIENTOS Y TIEMPOS DE RESPU",
46,1,rberdugo,3.1.1.4,02 - AUDITORIA DE DESEMPEÑO,IDEXUD,"HALLAZGO ADMINISTRATIVO CON INCIDENCIA FISCAL EN CUANTÍA DE $9.000.000 Y PRESUNTA INCIDENCIA DISCIPLINARIA Y PENAL, POR LEGALIZACIÓN DE HECHOS CUMPLIDOS, TRÁMITE DEL CONTRATO SIN OBSERVACIÓN DE LOS REQUISITOS LEGALES Y CAMBIO EN LA DESTINACIÓN ESPECÍFICA ","FALTA DE REGLAMENTACIÓN INTERNA, CON EL FIN DE CONTAR CON CONTROLES Y ACCIONES CLARAS EN EL PROCESO PRECONTRACTUAL, CONTRACTUAL, POSTCONTRACTUAL PRESUPUESTAL Y FINANCIERO, CON EL FIN DE CONTAR CON PUNTOS DE CONTROL EN LOS PROCEDIMIENTOS Y TIEMPOS DE RESPU",
47,1,rberdugo,3.1.1.5,02 - AUDITORIA DE DESEMPEÑO,IDEXUD,"HALLAZGO ADMINISTRATIVO CON INCIDENCIA FISCAL EN CUANTÍA TOTAL DE $3.071.980 Y PRESUNTA INCIDENCIA DISCIPLINARIA Y PENAL, POR LEGALIZACIÓN DE HECHOS CUMPLIDOS Y TRÁMITE SIN OBSERVACIÓN DE LOS REQUISITOS LEGALES EN CUANTÍA DE $1.482,005 E IRREGULARIDADES E","FALTA DE REGLAMENTACIÓN INTERNA, CON EL FIN DE CONTAR CON CONTROLES Y ACCIONES CLARAS EN EL PROCESO PRECONTRACTUAL, CONTRACTUAL, POSTCONTRACTUAL PRESUPUESTAL Y FINANCIERO, CON EL FIN DE CONTAR CON PUNTOS DE CONTROL EN LOS PROCEDIMIENTOS Y TIEMPOS DE RESPU",
48,1,rberdugo,3.1.1.6,02 - AUDITORIA DE DESEMPEÑO,IDEXUD,"HALLAZGO ADMINISTRATIVO CON INCIDENCIA FISCAL EN CUANTÍA DE $38.800.000 Y PRESUNTA INCIDENCIA DISCIPLINARIA Y PENAL POR LEGALIZACIÓN DE HECHOS CUMPLIDOS, PRESUNTO FAVORECIMIENTO A TERCEROS Y TRÁMITE DEL CONTRATO SIN OBSERVACIÓN DE LOS REQUISITOS LEGALES, ","FALTA DE REGLAMENTACIÓN INTERNA, CON EL FIN DE CONTAR CON CONTROLES Y ACCIONES CLARAS EN EL PROCESO PRECONTRACTUAL, CONTRACTUAL, POSTCONTRACTUAL PRESUPUESTAL Y FINANCIERO, CON EL FIN DE CONTAR CON PUNTOS DE CONTROL EN LOS PROCEDIMIENTOS Y TIEMPOS DE RESPU",
49,1,rberdugo,3.1.1.7,02 - AUDITORIA DE DESEMPEÑO,IDEXUD,"HALLAZGO ADMINISTRATIVO CON PRESUNTA INCIDENCIA DISCIPLINARIA Y PENAL POR LA TRANSGRESIÓN A LOS PRINCIPIOS DE PLANEACIÓN, TRANSPARENCIA, IMPARCIALIDAD Y SELECCIÓN OBJETIVA EN EL PROCESO PRECONTRACTUAL, POR NO EVIDENCIARSE LA SUSCRIPCIÓN DE LA PÓLIZA DE GA","FALTA DE REGLAMENTACIÓN INTERNA, CON EL FIN DE CONTAR CON CONTROLES Y ACCIONES CLARAS EN EL PROCESO PRECONTRACTUAL, CONTRACTUAL, POSTCONTRACTUAL PRESUPUESTAL Y FINANCIERO, CON EL FIN DE CONTAR CON PUNTOS DE CONTROL EN LOS PROCEDIMIENTOS Y TIEMPOS DE RESPU",
50,1,rberdugo,3.1.1.8,02 - AUDITORIA DE DESEMPEÑO,IDEXUD,"HALLAZGO ADMINISTRATIVO POR LA DEFINICIÓN EN EL OBJETO DE LA ORDEN DE COMPRA 093 DE 2015, POR CUANTO SE ENCUENTRA DESCRITO COMO “PRESTAR SERVICIOS PARA EQUIPO AUDIOVISUAL Y MULTIMEDIA EN EL MARCO DEL CONVENIO CIA 2955 DE 2015 UDFJC” Y LO REALMENTE EJECUTA","FALTA DE REGLAMENTACIÓN INTERNA, CON EL FIN DE CONTAR CON CONTROLES Y ACCIONES CLARAS EN EL PROCESO PRECONTRACTUAL, CONTRACTUAL, POSTCONTRACTUAL PRESUPUESTAL Y FINANCIERO, CON EL FIN DE CONTAR CON PUNTOS DE CONTROL EN LOS PROCEDIMIENTOS Y TIEMPOS DE RESPU",
51,1,rberdugo,3.1.2.2.1,01 - AUDITORIA DE REGULARIDAD,OAPC,HALLAZGO ADMINISTRATIVO POR EL INCUMPLIENTO DE LAS ACCIONES NOS. 43 Y 33 PROPUESTAS EN EL PLAN DE MEJORAMIENTO PARA SUBSANAR LA CAUSA QUE ORIGINÓ EL HALLAZGO NÚMERO 2.2.1.1.1 DE LA AUDITORÍA NO. 15 EN LA VIGENCIA 2016.,FALTA DE PLANEACIÓN Y GESTIÓN DE RUBRO DE INVERSIÓN.,
52,1,rberdugo,3.1.2.2.10,01 - AUDITORIA DE REGULARIDAD,OAJ,"HALLAZGO ADMINISTRATIVO POR CUANTO LA ACCIÓN NO.162 DEL HALLAZGO NO. 0.2.1.1, DE LA AUDITORÍA 190 SE EVALUÓ COMO INEFECTIVA EN LA VIGENCIA 2017, EN RAZÓN A QUE LA ACCIÓN FORMULADA POR LA ENTIDAD SE CUMPLIÓ EN TÉRMINOS, PERO NO SUBSANÓ LA CAUSA RAÍZ DEL HA","INCOMPATIBILIDAD ENTRE LAS PENSIONES DE JUBILIACIÓN OTORGADA POR LA UNVIERSIDAD DISTRITAL HACE MÁS DE 2 DÉCADAS Y LA PENSIÓN DE VEJEZ RECONOCIDA POSTERIORMENTE POR COLPENSIONES,  FECHA EN LA CUAL Y POR HECHO DE COLPENSIONES SE CONFIGURA EL PAGO DE DOBLE P",
53,1,rberdugo,3.1.2.2.11,01 - AUDITORIA DE REGULARIDAD,OAPC,"HALLAZGO ADMINISTRATIVO POR CUANTO LA ACCIÓN NO. 177 DEL HALLAZGO NO. 2.1.1.10, DE LA AUDITORÍA 182 SE CALIFICÓ COMO INEFECTIVA, EN LA VIGENCIA 2017, EN RAZÓN A QUE LA ACCIÓN FORMULADA POR LA ENTIDAD SE CUMPLIÓ EN TÉRMINOS, PERO NO SUBSANÓ LA CAUSA RAÍZ D",FALTA DE ACTUALIZACION DE LOS PROCEDIMIENTOS CONTRACTUALES,
54,1,rberdugo,3.1.2.2.12,01 - AUDITORIA DE REGULARIDAD,SG,"HALLAZGO ADMINISTRATIVO POR CUANTO LA ACCIÓN NO. 139 DEL HALLAZGO NO. 2.1.10, DE LA AUDITORÍA 190 SE CALIFICÓ COMO INEFECTIVA, EN LA VIGENCIA 2017, EN RAZÓN A QUE LA ACCIÓN FORMULADA POR LA ENTIDAD SE CUMPLIÓ EN TÉRMINOS, PERO NO SUBSANÓ LA CAUSA RAÍZ DEL","HALLAZGO ADMINISTRATIVO CON INCIDENCIA DISCIPLINARIA, FISCAL Y PENAL POR PERMITIR EL PAGO INDEBIDO DE UNA DOBLE PENSIÓN, AL PRESENTARSE EL FENÓMENO JURÍDICO DE LA COMPARTIBILIDAD PENSIONAL POR EL VALOR DE $ 407. 326.788.",
55,1,rberdugo,3.1.2.2.13,01 - AUDITORIA DE REGULARIDAD,OAJ,"HALLAZGO ADMINISTRATIVO POR CUANTO LA ACCIÓN NO. 140 DEL HALLAZGO NO. 2.1.11, DE LA AUDITORÍA 190 SE CALIFICÓ COMO INEFECTIVA, EN LA VIGENCIA 2017, EN RAZÓN A QUE LA ACCIÓN FORMULADA POR LA ENTIDAD SE CUMPLIÓ EN TÉRMINOS, PERO NO SUBSANÓ LA CAUSA RAÍZ DEL","INCOMPATIBILIDAD ENTRE LAS PENSIONES DE JUBILIACIÓN OTORGADA POR LA UNVIERSIDAD DISTRITAL HACE MÁS DE 2 DÉCADAS Y LA PENSIÓN DE VEJEZ RECONOCIDA POSTERIORMENTE POR COLPENSIONES,  FECHA EN LA CUAL Y POR HECHO DE COLPENSIONES SE CONFIGURA EL PAGO DE DOBLE P",
56,1,rberdugo,3.1.2.2.14,01 - AUDITORIA DE REGULARIDAD,OAJ,"HALLAZGO ADMINISTRATIVO POR CUANTO LA ACCIÓN NO. 141 DEL HALLAZGO NO. 2.1.12, DE LA AUDITORÍA 190 SE CALIFICÓ COMO INEFECTIVA, EN LA VIGENCIA 2017, EN RAZÓN A QUE LA ACCIÓN FORMULADA POR LA ENTIDAD SE CUMPLIÓ EN TÉRMINOS, PERO NO SUBSANÓ LA CAUSA RAÍZ DEL","INCOMPATIBILIDAD ENTRE LAS PENSIONES DE JUBILIACIÓN OTORGADA POR LA UNVIERSIDAD DISTRITAL HACE MÁS DE 2 DÉCADAS Y LA PENSIÓN DE VEJEZ RECONOCIDA POSTERIORMENTE POR COLPENSIONES,  FECHA EN LA CUAL Y POR HECHO DE COLPENSIONES SE CONFIGURA EL PAGO DE DOBLE P",
57,1,rberdugo,3.1.2.2.15,01 - AUDITORIA DE REGULARIDAD,VAF,"HALLAZGO ADMINISTRATIVO POR CUANTO LA ACCIÓN NO. 142 DEL HALLAZGO NO. 2.1.13, DE LA AUDITORÍA 190 SE CALIFICÓ COMO INEFECTIVA, EN LA VIGENCIA 2017, EN RAZÓN A QUE LA ACCIÓN FORMULADA POR LA ENTIDAD SE CUMPLIÓ EN TÉRMINOS, PERO NO SUBSANÓ LA CAUSA RAÍZ DEL","INCOMPATIBILIDAD ENTRE LAS PENSIONES DE JUBILIACIÓN OTORGADA POR LA UNVIERSIDAD DISTRITAL HACE MÁS DE 2 DÉCADAS Y LA PENSIÓN DE VEJEZ RECONOCIDA POSTERIORMENTE POR COLPENSIONES,  FECHA EN LA CUAL Y POR HECHO DE COLPENSIONES SE CONFIGURA EL PAGO DE DOBLE P",
58,1,rberdugo,3.1.2.2.16,01 - AUDITORIA DE REGULARIDAD,OAJ,"HALLAZGO ADMINISTRATIVO POR CUANTO LA ACCIÓN NO. 143 DEL HALLAZGO NO. 2.1.14, DE LA AUDITORÍA 199[1] SE CALIFICÓ COMO INEFECTIVA, EN LA VIGENCIA 2017, EN RAZÓN A QUE LA ACCIÓN FORMULADA POR LA ENTIDAD SE CUMPLIÓ EN TÉRMINOS, PERO NO SUBSANÓ LA CAUSA RAÍZ ","INCOMPATIBILIDAD ENTRE LAS PENSIONES DE JUBILIACIÓN OTORGADA POR LA UNVIERSIDAD DISTRITAL HACE MÁS DE 2 DÉCADAS Y LA PENSIÓN DE VEJEZ RECONOCIDA POSTERIORMENTE POR COLPENSIONES,  FECHA EN LA CUAL Y POR HECHO DE COLPENSIONES SE CONFIGURA EL PAGO DE DOBLE P",
59,1,rberdugo,3.1.2.2.17,01 - AUDITORIA DE REGULARIDAD,OAJ,"HALLAZGO ADMINISTRATIVO POR CUANTO LA ACCIÓN NO. 146 DEL HALLAZGO NO. 2.1.17, DE LA AUDITORÍA 182[1] SE CALIFICÓ COMO INEFECTIVA, EN LA VIGENCIA 2017, EN RAZÓN A QUE LA ACCIÓN FORMULADA POR LA ENTIDAD SE CUMPLIÓ EN TÉRMINOS, PERO NO SUBSANÓ LA CAUSA RAÍZ ","INCOMPATIBILIDAD ENTRE LAS PENSIONES DE JUBILIACIÓN OTORGADA POR LA UNVIERSIDAD DISTRITAL HACE MÁS DE 2 DÉCADAS Y LA PENSIÓN DE VEJEZ RECONOCIDA POSTERIORMENTE POR COLPENSIONES,  FECHA EN LA CUAL Y POR HECHO DE COLPENSIONES SE CONFIGURA EL PAGO DE DOBLE P",
60,1,rberdugo,3.1.2.2.18,01 - AUDITORIA DE REGULARIDAD,OAPC,"HALLAZGO ADMINISTRATIVO POR CUANTO LA ACCIÓN NO. 157 DEL HALLAZGO NO. 2.1.2.8.1, DE LA AUDITORÍA 190[1] SE CALIFICÓ COMO INEFECTIVA, EN LA VIGENCIA 2017, EN RAZÓN A QUE LA ACCIÓN FORMULADA POR LA ENTIDAD SE CUMPLIÓ EN TÉRMINOS, PERO NO SUBSANÓ LA CAUSA RA",INADECUADA FORMULACIÓN DE ESTUDIOS PREVIOS Y ETAPA PRECONTRACTUAL.,
61,1,rberdugo,3.1.2.2.19,01 - AUDITORIA DE REGULARIDAD,OAJ,"HALLAZGO ADMINISTRATIVO POR CUANTO LA ACCIÓN NO. 149 DEL HALLAZGO NO. 2.1.20, DE LA AUDITORÍA 190 SE CALIFICÓ COMO INEFECTIVA, EN LA VIGENCIA 2016, EN RAZÓN A QUE LA ACCIÓN FORMULADA POR LA ENTIDAD SE CUMPLIÓ EN TÉRMINOS, PERO NO SUBSANÓ LA CAUSA RAÍZ DEL","INCOMPATIBILIDAD ENTRE LAS PENSIONES DE JUBILIACIÓN OTORGADA POR LA UNVIERSIDAD DISTRITAL HACE MÁS DE 2 DÉCADAS Y LA PENSIÓN DE VEJEZ RECONOCIDA POSTERIORMENTE POR COLPENSIONES,  FECHA EN LA CUAL Y POR HECHO DE COLPENSIONES SE CONFIGURA EL PAGO DE DOBLE P",
62,1,rberdugo,3.1.2.2.2,01 - AUDITORIA DE REGULARIDAD,ODO,HALLAZGO ADMINISTRATIVO POR LA INEFECTIVIDAD E INCUMPLIMIENTO DE LA ACCIÓN NO.109 PROPUESTA EN EL PLAN DE MEJORAMIENTO PARA SUBSANAR LA CAUSA QUE ORIGINÓ EL HALLAZGO NÚMERO 3.4.1 DE LA AUDITORÍA NO. 15 EN LA VIGENCIA 2016.,NO SE TIENE UN SISTEMA PREESTABLECIDO PARA  LOGRAR IDENTIFICAR DUPLICIDAD EN LOS DOCUMENTOS PRESNTADOS POR LOS DOCENTES,
63,1,rberdugo,3.1.2.2.20,01 - AUDITORIA DE REGULARIDAD,SG,"HALLAZGO ADMINISTRATIVO POR CUANTO LA ACCIÓN NO. 150 DEL HALLAZGO NO. 2.1.21, DE LA AUDITORÍA 182[1] SE CALIFICÓ COMO INEFECTIVA, EN LA VIGENCIA 2017, EN RAZÓN A QUE LA ACCIÓN FORMULADA POR LA ENTIDAD SE CUMPLIÓ EN TÉRMINOS, PERO NO SUBSANÓ LA CAUSA RAÍZ ","HALLAZGO ADMINISTRATIVO CON INCIDENCIA DISCIPLINARIA, FISCAL Y PENAL POR PERMITIR EL PAGO INDEBIDO DE UNA DOBLE PENSIÓN, AL PRESENTARSE EL FENÓMENO JURÍDICO DE LA COMPARTIBILIDAD PENSIONAL POR EL VALOR DE $130.099.857",
64,1,rberdugo,3.1.2.2.21,01 - AUDITORIA DE REGULARIDAD,SG,"HALLAZGO ADMINISTRATIVO POR CUANTO LA ACCIÓN NO. 151 DEL HALLAZGO NO. 2.1.22, DE LA AUDITORÍA 182[1] SE CALIFICÓ COMO INEFECTIVA, EN LA VIGENCIA 2017, EN RAZÓN A QUE LA ACCIÓN FORMULADA POR LA ENTIDAD SE CUMPLIÓ EN TÉRMINOS, PERO NO SUBSANÓ LA CAUSA RAÍZ ","HALLAZGO ADMINISTRATIVO CON INCIDENCIA DISCIPLINARIA, FISCAL Y PENAL POR PERMITIR EL PAGO INDEBIDO DE UNA DOBLE PENSIÓN, AL PRESENTARSE EL FENÓMENO JURÍDICO DE LA COMPARTIBILIDAD PENSIONAL POR EL VALOR DE $233.078.770.",
65,1,rberdugo,3.1.2.2.22,01 - AUDITORIA DE REGULARIDAD,AGI,"HALLAZGO ADMINISTRATIVO POR CUANTO LA ACCIÓN NO. 164 DEL HALLAZGO NO. 2.1.3.4, DE LA AUDITORÍA 190[1] SE CALIFICÓ COMO INEFECTIVA, EN LA VIGENCIA 2017, EN RAZÓN A QUE LA ACCIÓN FORMULADA POR LA ENTIDAD SE CUMPLIÓ EN TÉRMINOS, PERO NO SUBSANÓ LA CAUSA RAÍZ","INCUMPLIMIENTO CRONOGRAMA DE TRABAJO ESTABLECIDO CON COORDINADORES DE LABORATORIOS PARA LA TOMA FÍSICA AL 15 DE DICIEMBRE DE 2014,",
66,1,rberdugo,3.1.2.2.23,01 - AUDITORIA DE REGULARIDAD,OAS,"HALLAZGO ADMINISTRATIVO POR CUANTO LA ACCIÓN NO. 188 DEL HALLAZGO NO. 2.1.5.2, DE LA AUDITORÍA 800[1] SE CALIFICÓ COMO INEFECTIVA, EN LA VIGENCIA 2017, EN RAZÓN A QUE LA ACCIÓN SE CUMPLIÓ EN TÉRMINOS PERO LA ACCIÓN FORMULADA NO SUBSANA LA CAUSA RAÍZ DEL H",HALLAZGO ADMINISTRATIVO DE CARÁCTER DISCIPLINARIO POR LA MULTIPLICIDAD DE APLICACIONES Y FALTA DE ARTICULACIÓN DE ESTAS.,
67,1,rberdugo,3.1.2.2.24,01 - AUDITORIA DE REGULARIDAD,OAJ,"HALLAZGO ADMINISTRATIVO POR CUANTO LA ACCIÓN NO. 135 DEL HALLAZGO NO. 2.1.6, DE LA AUDITORÍA 800[1] SE CALIFICÓ COMO INEFECTIVA, EN LA VIGENCIA 2016, EN RAZÓN A QUE LA ACCIÓN FORMULADA POR LA ENTIDAD SE CUMPLIÓ EN TÉRMINOS, PERO NO SUBSANÓ LA CAUSA RAÍZ D","INCOMPATIBILIDAD ENTRE LAS PENSIONES DE JUBILIACIÓN OTORGADA POR LA UNVIERSIDAD DISTRITAL HACE MÁS DE 2 DÉCADAS Y LA PENSIÓN DE VEJEZ RECONOCIDA POSTERIORMENTE POR COLPENSIONES,  FECHA EN LA CUAL Y POR HECHO DE COLPENSIONES SE CONFIGURA EL PAGO DE DOBLE P",
68,1,rberdugo,3.1.2.2.25,01 - AUDITORIA DE REGULARIDAD,OAJ,"HALLAZGO ADMINISTRATIVO POR CUANTO LA ACCIÓN NO. 137 DEL HALLAZGO NO. 2.1.8, DE LA AUDITORÍA 800[1] SE CALIFICÓ COMO INEFECTIVA, EN LA VIGENCIA 2016, EN RAZÓN A QUE LA ACCIÓN FORMULADA POR LA ENTIDAD SE CUMPLIÓ EN TÉRMINOS, PERO NO SUBSANÓ LA CAUSA RAÍZ D","INCOMPATIBILIDAD ENTRE LAS PENSIONES DE JUBILIACIÓN OTORGADA POR LA UNVIERSIDAD DISTRITAL HACE MÁS DE 2 DÉCADAS Y LA PENSIÓN DE VEJEZ RECONOCIDA POSTERIORMENTE POR COLPENSIONES,  FECHA EN LA CUAL Y POR HECHO DE COLPENSIONES SE CONFIGURA EL PAGO DE DOBLE P",
69,1,rberdugo,3.1.2.2.26,01 - AUDITORIA DE REGULARIDAD,OAPC,"HALLAZGO ADMINISTRATIVO POR CUANTO LA ACCIÓN NO. 195 DEL HALLAZGO NO. 2.1.8.2, DE LA AUDITORÍA 29[1] SE CALIFICÓ COMO INEFECTIVA, EN LA VIGENCIA 2017, EN RAZÓN A QUE LA ACCIÓN FORMULADA POR LA ENTIDAD SE CUMPLIÓ EN TÉRMINOS, PERO NO SUBSANÓ LA CAUSA RAÍZ ","A PESAR DE CONTAR CON LOS RECURSOS Y REALIZAR LAS FASES DE DEFINICIÓN DE ESPECIFICACIONES TÉCNICAS, ESTUDIOS DE MERCADO Y PRESENTACIÓN DE OFERTAS, NO SE DESARROLLÓ EL PROCESO PRECONTRACTUAL.",
70,1,rberdugo,3.1.2.2.27,01 - AUDITORIA DE REGULARIDAD,OAPC,"HALLAZGO ADMINISTRATIVO POR CUANTO LA ACCIÓN NO. 202 DEL HALLAZGO NO. 2.1.8.5, DE LA AUDITORÍA 800[1] SE CALIFICÓ COMO INEFECTIVA, EN LA VIGENCIA 2017, EN RAZÓN A QUE LA ACCIÓN FORMULADA POR LA ENTIDAD SE CUMPLIÓ EN TÉRMINOS, PERO NO SUBSANÓ LA CAUSA RAÍZ",LOS PROCESOS DE AMPLIACIÓN DE COBERTURA SE VIERON OBSTACULIZADOS DEBIDO A LOS RETRASOS PRESENTADOS EN EL DESARROLLO Y EJECUCIÓN DE LOS PROYECTOS DE INVERSIÓN RELACIONADOS CON INFRAESTRUCTURA FÍSICA.,
71,1,rberdugo,3.1.2.2.28,01 - AUDITORIA DE REGULARIDAD,SG,"HALLAZGO ADMINISTRATIVO POR CUANTO LA ACCIÓN NO. 138 DEL HALLAZGO NO. 2.1.9, DE LA AUDITORÍA 190 SE CALIFICÓ COMO INEFECTIVA, EN LA VIGENCIA 2017, EN RAZÓN A QUE LA ACCIÓN FORMULADA POR LA ENTIDAD SE CUMPLIÓ EN TÉRMINOS, PERO NO SUBSANÓ LA CAUSA RAÍZ DEL ","138 HALLAZGO ADMINISTRATIVO CON INCIDENCIA DISCIPLINARIA, FISCAL Y PENAL POR PERMITIR EL PAGO INDEBIDO DE UNA DOBLE PENSIÓN, AL PRESENTARSE EL FENÓMENO JURÍDICO DE LA COMPARTIBILIDAD PENSIONAL POR EL VALOR DE $131.834.515.",
72,1,rberdugo,3.1.2.2.29,01 - AUDITORIA DE REGULARIDAD,VAF,"HALLAZGO ADMINISTRATIVO POR CUANTO LAS ACCIONES NOS. 231, 232 Y 233 DEL HALLAZGO NO. 2.3.1, DE LA AUDITORÍA 800 SE CALIFICÓ COMO INEFECTIVA, EN LA VIGENCIA 2017, EN RAZÓN A QUE LA ACCIÓN FORMULADA POR LA ENTIDAD SE CUMPLIÓ EN TÉRMINOS, PERO NO SUBSANÓ LA ",NO SE CUENTA CONLOS  RECURSOS ECONOMICOS NI PERSONAL  SUFICENTE  PARA ADELANTAR EL PROCESO DE DEUDA PRESUNTA.,
73,1,rberdugo,3.1.2.2.3,01 - AUDITORIA DE REGULARIDAD,IDEXUD,"HALLAZGO ADMINISTRATIVO POR LA INEFECTIVIDAD E INCUMPLIMIENTO DE LA ACCIÓN NO. 113, PROPUESTA EN EL PLAN DE MEJORAMIENTO PARA SUBSANAR LA CAUSA QUE ORIGINÓ EL HALLAZGO NÚMERO 3.7.1 DE LA AUDITORÍA NO. 15 EN LA VIGENCIA 2016.","EL IDEXUD, NO ASEGURA LOS CRITERIOS PARA  LA ENTREGA FINAL DE LOS PRODUCTOS GENERADOS EN LA EJECUCIÓN Y TERMINACIÓN DEL PROYECTO QUE REPOSE EN LAS INSTALACIONES DEL ARCHIVO DE GESTIÓN.",
74,1,rberdugo,3.1.2.2.30,01 - AUDITORIA DE REGULARIDAD,OAJ,"HALLAZGO ADMINISTRATIVO POR CUANTO LA ACCIÓN NO. 6 DEL HALLAZGO NO. 3.3, DE LA AUDITORÍA 29 SE CALIFICÓ COMO INEFECTIVA, EN LA VIGENCIA 2017, EN RAZÓN A QUE LA ACCIÓN FORMULADA POR LA ENTIDAD SE CUMPLIÓ EN TÉRMINOS, PERO NO SUBSANÓ LA CAUSA RAÍZ DEL HALLA","INCOMPATIBILIDAD ENTRE LAS PENSIONES DE JUBILIACIÓN OTORGADA POR LA UNVIERSIDAD DISTRITAL HACE MÁS DE 2 DÉCADAS Y LA PENSIÓN DE VEJEZ RECONOCIDA POSTERIORMENTE POR COLPENSIONES,  FECHA EN LA CUAL Y POR HECHO DE COLPENSIONES SE CONFIGURA EL PAGO DE DOBLE P",
75,1,rberdugo,3.1.2.2.31,01 - AUDITORIA DE REGULARIDAD,OAPC,"HALLAZGO ADMINISTRATIVO POR CUANTO LA ACCIÓN NO. 260 DEL HALLAZGO NO. 7.2, DE LA AUDITORÍA 800 SE CALIFICÓ COMO INEFECTIVA, EN LA VIGENCIA 2017, EN RAZÓN A QUE LA ACCIÓN FORMULADA POR LA ENTIDAD SE CUMPLIÓ EN TÉRMINOS, PERO NO SUBSANÓ LA CAUSA RAÍZ DEL HA",ATRASO EN LA IMPLEMENTACIÓN DE LOS SISTEMAS DE GESTIÓN.,
76,1,rberdugo,3.1.2.2.32,01 - AUDITORIA DE REGULARIDAD,OAJ,"HALLAZGO ADMINISTRATIVO POR CUANTO LA ACCIÓN NO. 215 DEL HALLAZGO NO. 2.1.10.8, DE LA AUDITORÍA 182 SE EVALUÓ COMO INEFECTIVA EN LA VIGENCIA 2017, EN RAZÓN A QUE LA ACCIÓN FORMULADA POR LA ENTIDAD SE CUMPLIÓ EN TÉRMINOS, PERO NO SUBSANÓ LA CAUSA RAÍZ DEL ",FALTA DE APLICACIÓN DEL PROCEDIMIENTO PARA LA APLICACIÓN DE LAS SENTENCIAS JUDICIALES Y LOS TÉRMINOS ESTABLECIDOS.,
77,1,rberdugo,3.1.2.2.33,01 - AUDITORIA DE REGULARIDAD,VAF,"HALLAZGO ADMINISTRATIVO POR CUANTO LAS ACCIONES NO. 27 Y 29 DEL HALLAZGO NO. 2.2.1.4.1, DE LA AUDITORÍA 18 SE CALIFICARON COMO INEFECTIVAS, EN LAS VIGENCIAS 2017 Y 2016 RESPECTIVAMENTE, EN RAZÓN A QUE LA ACCIÓN FORMULADA POR LA ENTIDAD SE CUMPLIÓ EN TÉRMI",FALTA DE ADVERTENCIAS OPORTUNAS RESPECTO DE LA EJECUCIÓN DEL PAA,
78,1,rberdugo,3.1.2.2.34,01 - AUDITORIA DE REGULARIDAD,VAF,"HALLAZGO ADMINISTRATIVO POR CUANTO LAS ACCIONES NO. 32 Y 34 DEL HALLAZGO NO. 2.2.1.4.2, DE LA AUDITORÍA 18 SE CALIFICARON COMO INEFECTIVAS, EN LAS VIGENCIAS 2017 Y 2016 RESPECTIVAMENTE, EN RAZÓN A QUE LA ACCIÓN FORMULADA POR LA ENTIDAD SE CUMPLIÓ EN TÉRMI",FALTA DE ADVERTENCIAS OPORTUNAS RESPECTO DE LA EJECUCIÓN DEL PAA,
79,1,rberdugo,3.1.2.2.35,01 - AUDITORIA DE REGULARIDAD,OAPC,"HALLAZGO ADMINISTRATIVO POR CUANTO LAS ACCIONES NO. 38, 39 Y 40 DEL HALLAZGO NO. 2.2.1.4.3, DE LA AUDITORÍA 18 SE CALIFICARON COMO INEFECTIVAS, EN LAS VIGENCIAS 2017, 2016 Y 2017 RESPECTIVAMENTE, EN RAZÓN A QUE LA ACCIÓN FORMULADA POR LA ENTIDAD SE CUMPLI",INADECUADO SEGUIMIENTO Y CONTROL EN LA EJECUCIÓN PRESUPUESTAL DE LA VIGENCIA.,
80,1,rberdugo,3.1.2.2.36,01 - AUDITORIA DE REGULARIDAD,IDEXUD,"HALLAZGO ADMINISTRATIVO POR LA INEFECTIVIDAD DE LA ACCIÓN DE MEJORA  PROPUESTA EN EL PLAN DE MEJORAMIENTO POR PARTE DE LA UDFJC PARA EL HALLAZGO NO. 2.1.10.1 “(…) POR MANTENER INACTIVAS CUENTAS DE AHORRO Y CORRIENTES, ÚNICAMENTE GENERANDO RENDIMIENTOS FIN",CANTIDAD DE APERTURA DE CUENTAS BANCARIAS SIN CERRAR POR ENCONTRARSE  CONVENIOS ACTIVOS SIN CANCELAR,
81,1,rberdugo,3.1.2.2.4,01 - AUDITORIA DE REGULARIDAD,OAJ,"HALLAZGO ADMINISTRATIVO POR LA INEFECTIVIDAD DE LA ACCIÓN 3 DEL HALLAZGO ADMINISTRATIVO NO. 3.1.3.1 DE LA AUDITORÍA 15 CON VIGENCIA DEL 2017, CON BASE EN LA RESOLUCIÓN REGLAMENTARIA 012 DEL 28 DE FEBRERO DE 2018 DE LA CONTRALORÍA DE BOGOTÁ, EN SU CAPÍTULO",FALTA DE  CONTROL A LA GESTIÓN DE LOS ABAGADOS EXTERNOS,
82,1,rberdugo,3.1.2.2.5,01 - AUDITORIA DE REGULARIDAD,OAJ,"HALLAZGO ADMINISTRATIVO POR LA INEFECTIVIDAD DE LAS ACCIONES 1 Y 2 DEL HALLAZGO ADMINISTRATIVO NO. 3.1.3.2 DE LA AUDITORÍA 15 CON VIGENCIA DEL 2017, CON BASE EN LA RESOLUCIÓN REGLAMENTARIA 012 DEL 28 DE FEBRERO DE 2018 DE LA CONTRALORÍA DE BOGOTÁ, EN SU C",FALTA DE  CONTROL DE CONTROL A LA GESTIÓN DE LOS ABAGADOS EXTERNOS,
83,1,rberdugo,3.1.2.2.6,01 - AUDITORIA DE REGULARIDAD,OAJ,"HALLAZGO ADMINISTRATIVO POR LA INEFECTIVIDAD DE LAS ACCIONES 1 Y 2 DEL HALLAZGO ADMINISTRATIVO NO. 3.1.3.3 DE LA AUDITORÍA 15 CON VIGENCIA DEL 2017, CON BASE EN LA RESOLUCIÓN REGLAMENTARIA 012 DEL 28 DE FEBRERO DE 2018 DE LA CONTRALORÍA DE BOGOTÁ, EN SU C",FALTA DE  CONTROL DE CONTROL A LA GESTIÓN DE LOS ABAGADOS EXTERNOS,
84,1,rberdugo,3.1.2.2.7,01 - AUDITORIA DE REGULARIDAD,OAJ,"HALLAZGO ADMINISTRATIVO POR LA INEFECTIVIDAD DE LAS ACCIONES 1 Y 2 DEL HALLAZGO ADMINISTRATIVO NO. 3.1.3.4 DE LA AUDITORÍA 15 CON VIGENCIA DEL 2017, CON BASE EN LA RESOLUCIÓN REGLAMENTARIA 012 DEL 28 DE FEBRERO DE 2018 DE LA CONTRALORÍA DE BOGOTÁ, EN SU C",FALTA DE  CONTROL DE CONTROL A LA GESTIÓN DE LOS ABAGADOS EXTERNOS,
85,1,rberdugo,3.1.2.2.8,01 - AUDITORIA DE REGULARIDAD,TGE,HALLAZGO ADMINISTRATIVO POR LA INEFECTIVIDAD DE LA ACCIÓN DE MEJORA PROPUESTAS PARA EL HALLAZGO 2.3.1.2.2 PRESENTADO EN EL PLAN DE MEJORAMIENTO POR PARTE DE LA UNIVERSIDAD DISTRITAL FRANCISCO JOSÉ DE CALDAS A LA CONTRALORÍA DE BOGOTÁ D.C.,HALLAZGO ADMINISTRATIVO POR LA INEFECTIVIDAD DE LA ACCIÓN DE MEJORA PROPUESTAS PARA EL HALLAZGO 2.3.1.2.2 PRESENTADO EN EL PLAN DE MEJORAMIENTO POR PARTE DE LA UNIVERSIDAD DISTRITAL FRANCISCO JOSÉ DE CALDAS A LA CONTRALORÍA DE BOGOTÁ D.C.,
86,1,rberdugo,3.1.2.2.9,01 - AUDITORIA DE REGULARIDAD,VAF,HALLAZGO ADMINISTRATIVO POR LA INEFECTIVIDAD DE LAS ACCIONES DE MEJORA PROPUESTAS PARA EL HALLAZGO 2.3.1.2.30 EN EL PLAN DE MEJORAMIENTO POR PARTE DE LA UNIVERSIDAD DISTRITAL FRANCISCO JOSÉ DE CALDAS A LA CONTRALORÍA DE BOGOTÁ D.C.,"INEFECTIVIDAD DE LAS ACCIONES DE MEJORA PROPUESTAS PARA EL HALLAZGO 2.3.1.2.30 EN EL PLAN DE MEJORAMIENTO POR PARTE DE LA UNIVERSIDAD DFJC A LA CONTRALORÍA DE BOGOTÁ D.C,  REFERENTE A LO RELACIONADO CON LA PERIODICIDAD EN QUE DEBE REUNIR EL COMITÉ DE SOST",
87,1,rberdugo,3.1.3.2.1,01 - AUDITORIA DE REGULARIDAD,SCON,"HALLAZGO ADMINISTRATIVO CON PRESUNTA INCIDENCIA DISCIPLINARIA, POR INOPORTUNA Y/O NO PUBLICACIÓN EN EL SECOP DE ALGUNOS DOCUMENTOS CONTRACTUALES, POR INCONSISTENCIAS EN LAS FECHAS DEL AMPARO DE LAS PÓLIZAS, POR LA FALTA DE PLANEACIÓN AL SUSCRIBIR PRÓRROGA",CARENCIA DE UNA  REGLAMENTACIÓN INTERNA QUE PRECISE LOS DOCUMENTOS  Y TERMINOS DE PUBLICACIÓN EN SECOP I. ,
88,1,rberdugo,3.1.3.2.10,01 - AUDITORIA DE REGULARIDAD,SCON,"HALLAZGO ADMINISTRATIVO CON PRESUNTA INCIDENCIA FISCAL EN CUANTÍA DE $19.861.146 Y DISCIPLINARIA, POR LA NO EXISTENCIA DE SOPORTES QUE EVIDENCIEN Y CERTIFIQUEN EL CUMPLIMIENTO DEL OBJETO CONTRACTUAL, POR INOPORTUNA Y/O NO PUBLICACIÓN EN EL SECOP DE ALGUNO",POR INOPORTUNA Y/O NO PUBLICACIÓN EN EL SECOP DE ALGUNOS DOCUMENTOS CONTRACTUALES,
89,1,rberdugo,3.1.3.2.11,01 - AUDITORIA DE REGULARIDAD,SCON,"HALLAZGO ADMINISTRATIVO CON PRESUNTA INCIDENCIA FISCAL Y DISCIPLINARIA, EN CUANTÍA DE $3.848.563, POR SOBRECOSTO EN LA COMPRA DE ELEMENTOS, NO PUBLICACIÓN EN EL SECOP DE ALGUNOS DOCUMENTOS CONTRACTUALES, ASÍ MISMO ES EVIDENTE LA FALTA DE PLANEACIÓN AL NO ",CARENCIA DE UNA  REGLAMENTACIÓN INTERNA QUE PRECISE LOS DOCUMENTOS  Y TERMINOS DE PUBLICACIÓN EN SECOP I. ,
90,1,rberdugo,3.1.3.2.12,01 - AUDITORIA DE REGULARIDAD,OAJ,"HALLAZGO ADMINISTRATIVO CON PRESUNTA INCIDENCIA FISCAL EN  CUANTÍA DE $616.731.378, DISCIPLINARIA Y PENAL, POR LA NO EXISTENCIA DE SOPORTES QUE EVIDENCIEN Y CERTIFIQUEN EL CUMPLIMIENTO DEL OBJETO CONTRACTUAL, POR INOPORTUNA Y/O NO PUBLICACIÓN EN EL SECOP ",CARENCIA DE UNA  REGLAMENTACIÓN INTERNA QUE PRECISE LOS DOCUMENTOS  Y TERMINOS DE PUBLICACIÓN EN SECOP I.,
91,1,rberdugo,3.1.3.2.12,01 - AUDITORIA DE REGULARIDAD,BI,"HALLAZGO ADMINISTRATIVO CON PRESUNTA INCIDENCIA FISCAL EN  CUANTÍA DE $616.731.378, DISCIPLINARIA Y PENAL, POR LA NO EXISTENCIA DE SOPORTES QUE EVIDENCIEN Y CERTIFIQUEN EL CUMPLIMIENTO DEL OBJETO CONTRACTUAL, POR INOPORTUNA Y/O NO PUBLICACIÓN EN EL SECOP ",CARENCIA DE ELABORACIÓN DE  ESTUDIOS PREVIOS EN TODAS LAS SOLICITUDES DE CONTRATACIÓN DE PRESTACIÓN DE SERVICIOS.,
92,1,rberdugo,3.1.3.2.13,01 - AUDITORIA DE REGULARIDAD,SCO,HALLAZGO ADMINISTRATIVO CON PRESUNTA INCIDENCIA DISCIPLINARIA POR FALTA DE PLANEACIÓN AL NO ELABORAR LOS ESTUDIOS PREVIOS ADECUADAMENTE PUESTO QUE NO SE EVIDENCIA EL ANÁLISIS DE LA OFERTA EN LAS TABLAS DEL ESTUDIO DE MERCADO Y POR NO PUBLICACIÓN EN EL SEC,CARENCIA DE UNA  REGLAMENTACIÓN INTERNA QUE PRECISE LOS DOCUMENTOS  Y TERMINOS DE PUBLICACIÓN EN SECOP I. ,
93,1,rberdugo,3.1.3.2.14,01 - AUDITORIA DE REGULARIDAD,MII,"HALLAZGO ADMINISTRATIVO CON PRESUNTA INCIDENCIA DISCIPLINARIA, POR LA NO ENTREGA OPORTUNA DEL ÍTEM NO.5: “4 DIVISIONES EN VIDRIO TEMPLADO DE 8MM CON PELÍCULA” Y EL PAGO INDEBIDO DE ESTE ÍTEM. CONTRATO DE COMPRAVENTA NO. 1388 DE 2017.","HALLAZGO ADMINISTRATIVO CON PRESUNTA INCIDENCIA DISCIPLINARIA, POR LA NO ENTREGA OPORTUNA DEL ÍTEM NO.5: “4 DIVISIONES EN VIDRIO TEMPLADO DE 8MM CON PELÍCULA” Y EL PAGO INDEBIDO DE ESTE ÍTEM. CONTRATO DE COMPRAVENTA NO. 1388 DE 2017",
94,1,rberdugo,3.1.3.2.15,01 - AUDITORIA DE REGULARIDAD,VAF,"HALLAZGO ADMINISTRATIVO CON PRESUNTA INCIDENCIA FISCAL EN CUANTÍA DE $81.032.552 Y DISCIPLINARIA, POR IRREGULARIDADES EN LA PLANEACIÓN, LAS DEBILIDADES EN LA ESTRUCTURACIÓN DE LOS ESTUDIOS DE OPORTUNIDAD Y CONVENIENCIA Y ESTUDIOS PREVIOS, Y LA GESTIÓN FIS","HALLAZGO ADMINISTRATIVO CON PRESUNTA INCIDENCIA FISCAL EN CUANTÍA DE $81.032.552 Y DISCIPLINARIA, POR IRREGULARIDADES EN LA PLANEACIÓN, LAS DEBILIDADES EN LA ESTRUCTURACIÓN DE LOS ESTUDIOS DE OPORTUNIDAD Y CONVENIENCIA Y ESTUDIOS PREVIOS, Y LA GESTIÓN FIS",
95,1,rberdugo,3.1.3.2.16,01 - AUDITORIA DE REGULARIDAD,OAJ,"HALLAZGO ADMINISTRATIVO CON PRESUNTA INCIDENCIA FISCAL EN CUANTÍA DE $222.692.280 Y DISCIPLINARIA, POR SOBRECOSTOS EN LA PROPUESTA ECONÓMICA DEL CONTRATISTA, POR NO PUBLICAR EN EL SECOP LOS DOCUMENTOS CONTRACTUALES Y POR FALTA DE CORRECCIÓN DE ERRORES FOR",CARENCIA DE UNA  REGLAMENTACIÓN INTERNA QUE PRECISE LOS DOCUMENTOS  Y TERMINOS DE PUBLICACIÓN EN SECOP I.,
96,1,rberdugo,3.1.3.2.17,01 - AUDITORIA DE REGULARIDAD,OAJ,"HALLAZGO ADMINISTRATIVO CON PRESUNTA INCIDENCIA DISCIPLINARIA, POR NO PUBLICAR EN EL SECOP LOS DOCUMENTOS CONTRACTUALES, POR NO EXIGIR LA CONSTITUCIÓN DE LA GARANTÍA DE RESPONSABILIDAD CIVIL EXTRACONTRACTUAL Y POR FALENCIAS TÉCNICAS EN LOS ESTUDIOS PREVIO",CARENCIA DE UNA  REGLAMENTACIÓN INTERNA QUE PRECISE LOS DOCUMENTOS  Y TERMINOS DE PUBLICACIÓN EN SECOP I.,
97,1,rberdugo,3.1.3.2.18,01 - AUDITORIA DE REGULARIDAD,OAPC,"HALLAZGO ADMINISTRATIVO CON PRESUNTA INCIDENCIA FISCAL POR EL VALOR DE $91.000.000 Y DISCIPLINARIA, POR NO UTILIZAR LOS ESTUDIOS REALIZADOS POR EL CONTRATISTA COMO PRODUCTO DE LA EJECUCIÓN DEL CONTRATO 963 DE 2016.",NO SE HAN INICIADO LAS OBRAS CIVILES EN LAS SEDES OBJETO DE ESTUDIO DE VULNERABILIDAD ESTRUCTURAL.,
98,1,rberdugo,3.1.3.2.19,01 - AUDITORIA DE REGULARIDAD,OAPC,"HALLAZGO ADMINISTRATIVO CON PRESUNTA INCIDENCIA DISCIPLINARIA Y PENAL, POR NO TENER EN EL EXPEDIENTE DEL CONTRATO LOS SOPORTES DE LAS ACTIVIDADES REALIZADAS POR EL CONTRATISTA Y POR ELABORAR EL CONTRATO SIN LOS ESTUDIOS PREVIOS, INCUMPLIENDO LO REQUERIDO ",AUSENCIA DE DIRECTRIZ DE EXIGENCIA QUE PARA TODA CLASE DE CONTRATO SE DEBEN REALIZAR LOS ESTUDIOS PREVIOS.  FALTA DE CONTROL EN LA REVISIÓN DE LOS SOPORTES DE LAS ACTIVIDADES GENERADAS POR CONTRATISTAS.,
99,1,rberdugo,3.1.3.2.2,01 - AUDITORIA DE REGULARIDAD,IDEXUD,"HALLAZGO ADMINISTRATIVO CON PRESUNTA INCIDENCIA DISCIPLINARIA, POR INOPORTUNA Y/O NO PUBLICACIÓN EN EL SECOP DE ALGUNOS DOCUMENTOS CONTRACTUALES, POR NO EXIGIR LA CONSTITUCIÓN DE LAS CORRESPONDIENTES GARANTÍAS, POR ADICIÓN SUPERIOR AL 50% DEL VALOR INICIA",CARENCIA DE UNA  REGLAMENTACIÓN INTERNA QUE PRECISE LOS DOCUMENTOS  Y TERMINOS DE PUBLICACIÓN EN SECOP I.,
100,1,rberdugo,3.1.3.2.20,01 - AUDITORIA DE REGULARIDAD,OAPC,"HALLAZGO ADMINISTRATIVO CON PRESUNTA INCIDENCIA DISCIPLINARIA Y PENAL, POR NO TENER EN EL EXPEDIENTE DEL CONTRATO LOS SOPORTES DE LAS ACTIVIDADES REALIZADAS POR EL CONTRATISTA Y POR ELABORAR EL CONTRATO SIN LOS ESTUDIOS PREVIOS, INCUMPLIENDO LO REQUERIDO ",AUSENCIA DE DIRECTRIZ DE EXIGENCIA QUE PARA TODA CLASE DE CONTRATO SE DEBEN REALIZAR LOS ESTUDIOS PREVIOS.  FALTA DE CONTROL EN LA REVISIÓN DE LOS SOPORTES DE LAS ACTIVIDADES GENERADAS POR CONTRATISTAS.,
101,1,rberdugo,3.1.3.2.21,01 - AUDITORIA DE REGULARIDAD,OAPC,HALLAZGO ADMINISTRATIVO CON PRESUNTA INCIDENCIA DISCIPLINARIA Y PENAL POR NO TENER EN LOS EXPEDIENTES DE LOS CONTRATOS LOS SOPORTES DE LAS ACTIVIDADES REALIZADAS POR LOS CONTRATISTAS Y POR NO HABER REALIZADO ESTUDIOS PREVIOS PARA LLEVAR A CABO LA CONTRATA,AUSENCIA DE DIRECTRIZ DE EXIGENCIA QUE PARA TODA CLASE DE CONTRATO SE DEBEN REALIZAR LOS ESTUDIOS PREVIOS.  FALTA DE CONTROL EN LA REVISIÓN DE LOS SOPORTES DE LAS ACTIVIDADES GENERADAS POR CONTRATISTAS.,
102,1,rberdugo,3.1.3.2.22,01 - AUDITORIA DE REGULARIDAD,OAJ,"HALLAZGO ADMINISTRATIVO CON PRESUNTA INCIDENCIA FISCAL EN CUANTÍA DE $4.426.290 Y DISCIPLINARIA, POR NO HABER EFECTUADO LAS LABORES CONTRATADAS EN EL MES DE SEPTIEMBRE, JUSTIFICANDO EL PAGO CON LAS DEL MES DE AGOSTO, POR LA NO  PUBLICACIÓN EN EL SECOP DE ",CARENCIA DE UNA  REGLAMENTACIÓN INTERNA QUE PRECISE LOS DOCUMENTOS  Y TERMINOS DE PUBLICACIÓN EN SECOP I.,
103,1,rberdugo,3.1.3.2.23,01 - AUDITORIA DE REGULARIDAD,OAJ,HALLAZGO ADMINISTRATIVO CON PRESUNTA INCIDENCIA DISCIPLINARIA POR NO HABER EFECTUADO PUBLICACIÓN EN EL SECOP DE TODOS LOS DOCUMENTOS DEL PROCESO CONTRACTUAL EN EL CONTRATO 1540 DE 2017.,CARENCIA DE UNA  REGLAMENTACIÓN INTERNA QUE PRECISE LOS DOCUMENTOS  Y TERMINOS DE PUBLICACIÓN EN SECOP I.,
104,1,rberdugo,3.1.3.2.24,01 - AUDITORIA DE REGULARIDAD,VAF,"HALLAZGO ADMINISTRATIVO CON PRESUNTA INCIDENCIA DISCIPLINARIA POR LA NO PUBLICACIÓN EN EL SECOP, EL NO ESTUDIO ADECUADO DE LA HOJA DE VIDA DE LA CONTRATISTA FRENTE A LA EXPERIENCIA LABORAL, POR NO HABER ADELANTADO LA TOTALIDAD DE LAS LABORES DEL OBJETO DE","FALTA DE UN PROCEDIMIENTO EN DONDE SE ESTABLEZCA CLARAMENTE LAS ACTIVIDADES Y RESPONSABLES, NECESARIOS PARA LA PUBLICACIÓN DE LA DOCUMENTACIÓN EN SECOP",
105,1,rberdugo,3.1.3.2.25,01 - AUDITORIA DE REGULARIDAD,OAJ,"HALLAZGO ADMINISTRATIVO CON PRESUNTA INCIDENCIA DISCIPLINARIA POR LA NO PUBLICACIÓN EN EL SECOP DE TODOS LOS SOPORTES CONTRACTUALES, POR EL INICIO TARDÍO DE LA EJECUCIÓN DEL CONTRATO SIN QUE SE HUBIERE AMPLIADO LA VIGENCIA DE LA GARANTÍA Y NO EXIGIR LOS S",CARENCIA DE UNA  REGLAMENTACIÓN INTERNA QUE PRECISE LOS DOCUMENTOS  Y TERMINOS DE PUBLICACIÓN EN SECOP I.,
106,1,rberdugo,3.1.3.2.26,01 - AUDITORIA DE REGULARIDAD,OAJ,HALLAZGO ADMINISTRATIVO CON PRESUNTA INCIDENCIA DISCIPLINARIA POR NO HABER EFECTUADO PUBLICACIÓN EN EL SECOP DE TODOS LOS DOCUMENTOS DEL PROCESO CONTRACTUAL Y ADMINISTRATIVA POR LA NO SUSCRIPCIÓN DE LA CONTRATISTA DE LA PROPUESTA EN EL CONTRATO NO. 842 - ,CARENCIA DE UNA  REGLAMENTACIÓN INTERNA QUE PRECISE LOS DOCUMENTOS  Y TERMINOS DE PUBLICACIÓN EN SECOP I.,
107,1,rberdugo,3.1.3.2.27,01 - AUDITORIA DE REGULARIDAD,OAJ,"HALLAZGO ADMINISTRATIVO CON PRESUNTA INCIDENCIA DISCIPLINARIA POR DEFICIENCIAS EN LA IMPLEMENTACIÓN ADECUADA DE LA GESTIÓN DOCUMENTAL, LA FALTA DE CONTROL EN EL REPORTE PRECISO DE LA INFORMACIÓN, FALTA DE ORDEN EN LA DOCUMENTACIÓN ENTREGADA DE LOS CONTRAT","HALLAZGO ADMINISTRATIVO CON PRESUNTA INCIDENCIA DISCIPLINARIA POR DEFICIENCIAS EN LA IMPLEMENTACIÓN ADECUADA DE LA GESTIÓN DOCUMENTAL, LA FALTA DE CONTROL EN EL REPORTE PRECISO DE LA INFORMACIÓN, FALTA DE ORDEN EN LA DOCUMENTACIÓN ENTREGADA DE LOS CONTRAT",
108,1,rberdugo,3.1.3.2.27,01 - AUDITORIA DE REGULARIDAD,VIA,"HALLAZGO ADMINISTRATIVO CON PRESUNTA INCIDENCIA DISCIPLINARIA POR DEFICIENCIAS EN LA IMPLEMENTACIÓN ADECUADA DE LA GESTIÓN DOCUMENTAL, LA FALTA DE CONTROL EN EL REPORTE PRECISO DE LA INFORMACIÓN, FALTA DE ORDEN EN LA DOCUMENTACIÓN ENTREGADA DE LOS CONTRAT","HALLAZGO ADMINISTRATIVO CON PRESUNTA INCIDENCIA DISCIPLINARIA POR DEFICIENCIAS EN LA IMPLEMENTACIÓN ADECUADA DE LA GESTIÓN DOCUMENTAL, LA FALTA DE CONTROL EN EL REPORTE PRECISO DE LA INFORMACIÓN, FALTA DE ORDEN EN LA DOCUMENTACIÓN ENTREGADA DE LOS CONTRAT",
109,1,rberdugo,3.1.3.2.28,01 - AUDITORIA DE REGULARIDAD,OAJ,"HALLAZGO ADMINISTRATIVO CON PRESUNTA INCIDENCIA DISCIPLINARIA POR NO PUBLICAR, ASÍ COMO REALIZAR PUBLICACIÓN DE MANERA EXTEMPORÁNEA EN EL SECOP EN LOS CONTRATOS 1466, 1455, 1146, 1518, 1708, 1931, 1917, 1873 Y 2091 DE 2017 Y 992, 1079 Y 1075 DE 2016.",CARENCIA DE UNA  REGLAMENTACIÓN INTERNA QUE PRECISE LOS DOCUMENTOS  Y TERMINOS DE PUBLICACIÓN EN SECOP I.,
110,1,rberdugo,3.1.3.2.29,01 - AUDITORIA DE REGULARIDAD,VIA,"HALLAZGO ADMINISTRATIVO POR EL INCUMPLIMIENTO DEL PRINCIPIO DE PLANEACIÓN, PUESTO QUE SE CAMBIÓ EL SITIO DE INSTALACIÓN Y ADECUACIÓN DE SONIDO DE ACUERDO CON LO ESTABLECIDO EN EL CONTRATO, POR DEFICIENCIAS EN LA GESTIÓN DOCUMENTAL EN EL CONTRATO 1873 DE 2","HALLAZGO ADMINISTRATIVO POR EL INCUMPLIMIENTO DEL PRINCIPIO DE PLANEACIÓN, PUESTO QUE SE CAMBIÓ EL SITIO DE INSTALACIÓN Y ADECUACIÓN DE SONIDO DE ACUERDO CON LO ESTABLECIDO EN EL CONTRATO, POR DEFICIENCIAS EN LA GESTIÓN DOCUMENTAL EN EL CONTRATO 1873 DE 2",
111,1,rberdugo,3.1.3.2.3,01 - AUDITORIA DE REGULARIDAD,OAJ,"HALLAZGO ADMINISTRATIVO CON PRESUNTA INCIDENCIA DISCIPLINARIA, POR LA NO PRESENTACIÓN DEL SOPORTE DE LA CERTIFICACIÓN RETILAP, NO PUBLICACIÓN EN EL SECOP DE LOS DOCUMENTOS DE LA ETAPA CONTRACTUAL, POR TERMINAR EL CONTRATO CUANDO AÚN FALTAN ACTIVIDADES, IN","HALLAZGO ADMINISTRATIVO CON PRESUNTA INCIDENCIA DISCIPLINARIA, POR LA NO PRESENTACIÓN DEL SOPORTE DE LA CERTIFICACIÓN RETILAP, NO PUBLICACIÓN EN EL SECOP DE LOS DOCUMENTOS DE LA ETAPA CONTRACTUAL, POR TERMINAR EL CONTRATO CUANDO AÚN FALTAN ACTIVIDADES, IN",
112,1,rberdugo,3.1.3.2.4,01 - AUDITORIA DE REGULARIDAD,OAJ,"HALLAZGO ADMINISTRATIVO CON PRESUNTA INCIDENCIA FISCAL EN CUANTÍA DE $1.600.380.362 Y DISCIPLINARIA, POR MAYOR PERMANENCIA DE LA INTERVENTORÍA EN OBRA PARA LA CONSTRUCCIÓN SEDE BOSA-EL PORVENIR DE LA UNIVERSIDAD DISTRITAL, DEFICIENCIAS EN LA SUPERVISIÓN, ","HALLAZGO ADMINISTRATIVO CON PRESUNTA INCIDENCIA FISCAL EN CUANTÍA DE $1.600.380.362 Y DISCIPLINARIA, POR MAYOR PERMANENCIA DE LA INTERVENTORÍA EN OBRA PARA LA CONSTRUCCIÓN SEDE BOSA-EL PORVENIR DE LA UNIVERSIDAD DISTRITAL, DEFICIENCIAS EN LA SUPERVISIÓN, ",
113,1,rberdugo,3.1.3.2.5,01 - AUDITORIA DE REGULARIDAD,OAJ,"HALLAZGO ADMINISTRATIVO CON PRESUNTA INCIDENCIA DISCIPLINARIA POR NO PUBLICACIÓN EN EL SISTEMA ELECTRÓNICO DE CONTRATACIÓN PÚBLICA – SECOP DE LOS DOCUMENTOS Y ACTOS ADMINISTRATIVOS DEL CONTRATO 993-2016, GENERANDO INOBSERVANCIA AL PRINCIPIO DE PUBLICIDAD ",CARENCIA DE UNA  REGLAMENTACIÓN INTERNA QUE PRECISE LOS DOCUMENTOS  Y TERMINOS DE PUBLICACIÓN EN SECOP I.,
114,1,rberdugo,3.1.3.2.6,01 - AUDITORIA DE REGULARIDAD,PLANESTIC-UD,HALLAZGO ADMINISTRATIVO CON PRESUNTA INCIDENCIA DISCIPLINARIA POR FALTA DE UNA ADECUADA SUPERVISIÓN Y CONTROL EN LA EJECUCIÓN DEL CONTRATO 2050 -2017 Y TRASGRESIÓN AL PRINCIPIO DE PUBLICIDAD.,FALTA DE UNA ADECUADA SUPERVISIÓN Y CONTROL EN LA EJECUCIÓN DEL CONTRATO NO.0 2050-2017,
115,1,rberdugo,3.1.3.2.7,01 - AUDITORIA DE REGULARIDAD,OAJ,HALLAZGO ADMINISTRATIVO CON PRESUNTA INCIDENCIA DISCIPLINARIA POR FALTA DE PLANEACIÓN EN LA ETAPA PRECONTRACTUAL DEL CONTRATO 963-2017 Y POR PUBLICACIÓN EXTEMPORÁNEA DEL CONTRATO EN EL SISTEMA ELECTRÓNICO DE CONTRATACIÓN PÚBLICA – SECOP.,CARENCIA DE UNA  REGLAMENTACIÓN INTERNA QUE PRECISE LOS DOCUMENTOS  Y TERMINOS DE PUBLICACIÓN EN SECOP I.,
116,1,rberdugo,3.1.3.2.8,01 - AUDITORIA DE REGULARIDAD,DRFC,"HALLAZGO ADMINISTRATIVO POR FALTA DE UNA HERRAMIENTA O FORMATO OFICIAL DE LA UNIVERSIDAD, QUE PERMITA LLEVAR UN ADECUADO CONTROL EN EL PROCESO DE ENTREGA DE LOS ELEMENTOS DE ASEO Y CAFETERÍA A LAS OPERARIAS, RESPECTO AL CONTRATO 13933 DE 2017.","HALLAZGO ADMINISTRATIVO POR FALTA DE UNA HERRAMIENTA O FORMATO OFICIAL DE LA UNIVERSIDAD, QUE PERMITA LLEVAR UN ADECUADO CONTROL EN EL PROCESO DE ENTREGA DE LOS ELEMENTOS DE ASEO Y CAFETERÍA A LAS OPERARIAS, RESPECTO AL CONTRATO 13933 DE 2017.",
117,1,rberdugo,3.1.3.2.9,01 - AUDITORIA DE REGULARIDAD,OAPC,"HALLAZGO ADMINISTRATIVO CON PRESUNTA INCIDENCIA FISCAL EN CUANTÍA DE $1.982.587.347 Y DISCIPLINARIA, POR NO ESTABLECER ENTREGA DE PRODUCTOS PARA LA REALIZACIÓN DE PAGOS, POR EL PAGO DE UNA CUENTA SIN EL CUMPLIMIENTO DE LOS REQUISITOS EN LA FORMA DE PAGO, ","HALLAZGO ADMINISTRATIVO CON PRESUNTA INCIDENCIA FISCAL EN CUANTÍA DE $1.982.587.347,  EN LA CONSTRUCCIÓN DEL EDIFICIO B DE LA SEDE LA MACARENA DE LA UNIVERSIDAD DISTRITAL FRANCISCO JOSÉ DE CALDAS EN EL CONTRATO DE OBRA NO. 121 DE 2010.",
118,1,rberdugo,3.1.4.2.1,01 - AUDITORIA DE REGULARIDAD,OAPC,HALLAZGO ADMINISTRATIVO CON PRESUNTA INCIDENCIA DISCIPLINARIA POR FALTA DE PLANEACIÓN Y GESTIÓN POR PARTE DE LOS RESPONSABLES DE LAS ÁREAS QUE INTERVINIERON EN LA ELABORACIÓN DEL PROYECTO DE EJECUCIÓN PRESUPUESTAL PARA LA VIGENCIA 2017.,INADECUADA METODOLOGÍA PARA LA CONSTRUCCIÓN PARTICIPATIVA DEL ANTEPROYECTO DE PRESUPUESTO DE LA VIGENCIA,
119,1,rberdugo,3.1.4.2.10,01 - AUDITORIA DE REGULARIDAD,DRF,HALLAZGO ADMINISTRATIVO CON PRESUNTA INCIDENCIA DISCIPLINARIA POR FALTA DE PROCEDIMIENTOS PARA EL PROCESO DE LIBERACIÓN Y/O PAGO DE SALDOS DE PASIVOS EXIGIBLES.,"NO EXISTE UN PROCEDIMIENTOS PARA LIBERAR EL SALDO Y/O REALIZAR EL PAGO DE LOS PASIVOS EXIGIBLES; LA ANTERIOR SITUACIÓN SE PRESENTA POR INAPLICABILIDAD DE LAS NORMAS RELACIONADAS , NO SE GARANTIZA QUE TODAS LAS ACTIVIDADES,  EN ATENCIÓN A LAS METAS PREVIST",
120,1,rberdugo,3.1.4.2.2,01 - AUDITORIA DE REGULARIDAD,OAPC,HALLAZGO ADMINISTRATIVO CON PRESUNTA INCIDENCIA DISCIPLINARIA POR FALTA DE PLANEACIÓN Y GESTIÓN POR PARTE DE LOS RESPONSABLES DE LAS ÁREAS QUE INTERVINIERON EN LA EJECUCIÓN PRESUPUESTAL DE LOS RECURSOS DISPONIBLES PARA LA VIGENCIA 2017.,INADECUADO SEGUIMIENTO Y CONTROL EN LA EJECUCIÓN PRESUPUESTAL DE LA VIGENCIA.,
121,1,rberdugo,3.1.4.2.3,01 - AUDITORIA DE REGULARIDAD,OAPC,HALLAZGO ADMINISTRATIVO CON PRESUNTA INCIDENCIA DISCIPLINARIA POR FALTA DE PROCEDIMIENTOS PARA EL PROCESO DE PROGRAMACIÓN PRESUPUESTAL.,FALTA DE SOCIALIZACIÓN DE LAS RUTAS DE ACCESO A LA DOCUMENTACIÓN DEL SIGUD A ENTES EXTERNOS.,
122,1,rberdugo,3.1.4.2.4,01 - AUDITORIA DE REGULARIDAD,SPR,"HALLAZGO ADMINISTRATIVO CON PRESUNTA INCIDENCIA DISCIPLINARIA, POR REPORTAR A LOS DIFERENTES USUARIOS INFORMACIÓN PRESUPUESTAL DE LA VIGENCIA 2017 CON CIFRAS QUE CARECEN DE CONFIABILIDAD Y VERACIDAD.","AL COMPARAR LA INFORMACIÓN CONTENIDA EN LA EJECUCIÓN PRESUPUESTAL DE GASTOS E INVERSIONES AL CIERRE DE LA VIGENCIA 2017, REPORTADA POR LA UNIVERSIDAD DISTRITAL FRANCISCO JOSÉ DE CALDAS – UDFJC A TRAVÉS DEL SISTEMA DE VIGILANCIA DEL CONTROL FISCAL DE LA CO",
123,1,rberdugo,3.1.4.2.5,01 - AUDITORIA DE REGULARIDAD,SPR,HALLAZGO ADMINISTRATIVO CON PRESUNTA INCIDENCIA DISCIPLINARIA POR NO HABER EJECUTADO EN LA VIGENCIA 2017 LA TOTALIDAD LAS RESERVAS CONSTITUIDAS AL CIERRE DE LA VIGENCIA 2016.,LA UNIVERSIDAD DISTRITAL FRANCISCO JOSÉ DE CALDAS AL CIERRE DE LA VIGENCIA 2017 DEJO SIN EJECUTAR LA SUMA DE $2.598.604.802 DE LAS RESERVAS CONSTITUIDAS AL CIERRE DE LA VIGENCIA FISCAL 2016.  LA CAUSA POR LA CUAL NO SE GIRÓ DURANTE LA VIGENCIA 2017 LOS VA,
124,1,rberdugo,3.1.4.2.6,01 - AUDITORIA DE REGULARIDAD,SPR,HALLAZGO ADMINISTRATIVO CON PRESUNTA INCIDENCIA DISCIPLINARIA POR FALTA DE CONSISTENCIA DE LOS SALDOS DE LAS RESERVAS PRESUPUESTALES CONSTITUIDAS AL CIERRE DE LA VIGENCIA 2016 REPORTADA EN SIVICOF.,AL VERIFICAR LA CONSISTENCIA Y VERACIDAD DE LAS CIFRAS REPORTADAS EN EL SISTEMA DE VIGILANCIA Y CONTROL FISCAL – SIVICOF POR LA UNIVERSIDAD DISTRITAL FRANCISCO JOSÉ DE CALDAS –UDFJC EN EL FORMATO CB – 0001 RESERVAS PRESUPUESTALES AL CIERRE DE LA VIGENCIA ,
125,1,rberdugo,3.1.4.2.7,01 - AUDITORIA DE REGULARIDAD,SPR,HALLAZGO ADMINISTRATIVO CON PRESUNTA INCIDENCIA DISCIPLINARIA POR INCUMPLIMIENTO DEL PRINCIPIO DE ANUALIDAD PRESUPUESTAL Y DE LA FIGURA DE EXCEPCIONALIDAD PARA LA CONSTITUCIÓN DE RESERVAS.,"AL VERIFICAR LAS RESERVAS QUE FUERON CONSTITUIDAS AL CIERRE DE LA VIGENCIA 2017, SE OBSERVA UN ELEVADO MONTO DE COMPROMISOS REALIZADOS EN EL ÚLTIMO TRIMESTRE DEL AÑO, EL CUAL ASCIENDE A LA DE $19.782.412.973,20 CORRESPONDIENTE AL 66% DE LAS RESERVAS, DE L",
126,1,rberdugo,3.1.4.2.8,01 - AUDITORIA DE REGULARIDAD,SPR,HALLAZGO ADMINISTRATIVO CON PRESUNTA INCIDENCIA DISCIPLINARIA POR FALTA DE PROCEDIMIENTOS PARA LOS PROCESOS DE ADICIÓN Y TRASLADO PRESUPUESTAL.,"EN ACTA DE VISITA ADMINISTRATIVA NO. 1, REALIZADA EL 21 DE MARZO DE 2018 CON EL JEFE DE LA OFICINA ASESORA DE PLANEACIÓN Y CONTROL, PARA LA VIGENCIA 2018 SE ESTÁ REALIZANDO EL PROCESO DE ACTUALIZACIÓN Y CARACTERIZACIÓN DEL PROCEDIMIENTO.",
127,1,rberdugo,3.1.4.2.9,01 - AUDITORIA DE REGULARIDAD,DRF,"HALLAZGO ADMINISTRATIVO CON PRESUNTA INCIDENCIA DISCIPLINARIA POR NO ADELANTAR ACCIONES TENDIENTES A LA LIQUIDACIÓN DE LOS CONTRATOS, DEPURACIÓN Y/O PAGO, DE LOS SALDOS DE COMPROMISOS RELACIONADOS COMO PASIVOS EXIGIBLES.","LA UNIVERSIDAD DISTRITAL REPORTÓ EN SIVICOF MEDIANTE EL FORMULARIO NO. 14185 CB-0002: PASIVOS EXIGIBLES AL CIERRE DE LA VIGENCIA 2017, UN VALOR DE $2.598.604.802. EN EL REPORTE DE PASIVOS EXIGIBLES SE EVIDENCIARON LAS SIGUIENTES IRREGULARIDADES.",
128,1,rberdugo,3.2.1.2.1,01 - AUDITORIA DE REGULARIDAD,OAPC,HALLAZGO ADMINISTRATIVO CON PRESUNTA INCIDENCIA DISCIPLINARIA POR INCUMPLIMIENTO DE LA META 17 Y BAJA EJECUCIÓN PRESUPUESTAL DEL PROYECTO 188 “SISTEMA INTEGRAL DE INFORMACIÓN”.,INADECUADO SEGUIMIENTO Y CONTROL EN LA EJECUCIÓN AL PROYECTO DE INVERSION,
129,1,rberdugo,3.2.1.2.2,01 - AUDITORIA DE REGULARIDAD,OAPC,HALLAZGO ADMINISTRATIVO CON PRESUNTA INCIDENCIA DISCIPLINARIA POR LA FALTA DE PLANEACIÓN EN LA DETERMINACIÓN DE LA POBLACIÓN OBJETIVO ATENDIDA EN EL PROYECTO DE INVERSIÓN 379,"LA META DE POBLACIÓN OBJETIVA ATENDÍA POR EL PROYECTO, DEBE TENER EN CUENTA LA CAPACIDAD INSTALADA DE LA SEDE. EN ESTA SE CUENTAN LOS NUEVOS CUPOS Y CUPOS DE PROGRAMAS  EXISTENTES QUE SE TRASLADAN A LA MISMA.",
130,1,rberdugo,3.2.1.2.3,01 - AUDITORIA DE REGULARIDAD,OAPC,"HALLAZGO ADMINISTRATIVO CON PRESUNTA INCIDENCIA DISCIPLINARIA POR EL NO CUMPLIMIENTO DE LA “META (10) CONSTRUCCIÓN DE 10.574,78 M2”, ACCIONES DE MITIGACIÓN DE IMPACTOS URBANÍSTICOS, APROBADOS EN EL PLAN DE IMPLANTACIÓN EL PORVENIR Y POR INCUMPLIMIENTO DEL",INADECUADO SEGUIMIENTO Y CONTROL EN LA EJECUCIÓN AL PROYECTO DE INVERSION,
131,1,rberdugo,3.2.1.2.4,01 - AUDITORIA DE REGULARIDAD,OAPC,"HALLAZGO ADMINISTRATIVO CON PRESUNTA INCIDENCIA DISCIPLINARIA POR FALTA DE PLANEACIÓN, DE SEGUIMIENTO Y CONTROL EN EL DESARROLLO Y EJECUCIÓN EN LA META NO. 9 DEL PROYECTO 380.",INADECUADO SEGUIMIENTO Y CONTROL EN LA EJECUCIÓN AL PROYECTO DE INVERSION,
132,1,rberdugo,3.2.1.2.5,01 - AUDITORIA DE REGULARIDAD,OAPC,"HALLAZGO ADMINISTRATIVO CON PRESUNTA INCIDENCIA DISCIPLINARIA, POR DEFICIENCIAS EN LA PLANEACIÓN Y SEGUIMIENTO SOBRE EL DESARROLLO Y EJECUCIÓN, YA QUE SE PRESENTA BAJO CUMPLIMIENTO EN LA MAGNITUD DE LA META Y POR ENDE LA BAJA EJECUCIÓN DEL PRESUPUESTO ASI",INADECUADO SEGUIMIENTO Y CONTROL EN LA EJECUCIÓN AL PROYECTO DE INVERSION,
133,1,rberdugo,3.2.1.2.6,01 - AUDITORIA DE REGULARIDAD,OAPC,"HALLAZGO ADMINISTRATIVO CON PRESUNTA INCIDENCIA DISCIPLINARIA, POR DEFICIENCIAS EN LA PLANEACIÓN Y SEGUIMIENTO SOBRE EL DESARROLLO Y EJECUCIÓN, YA QUE SE PRESENTA, BAJO CUMPLIMIENTO EN LA MAGNITUD DE LA META 19 Y FALENCIAS EN LA EJECUCIÓN CONTRACTUAL DE L",INADECUADO SEGUIMIENTO Y CONTROL EN LA EJECUCIÓN AL PROYECTO DE INVERSION,
134,1,rberdugo,3.2.1.2.7,01 - AUDITORIA DE REGULARIDAD,OAPC,"HALLAZGO ADMINISTRATIVO CON PRESUNTA INCIDENCIA DISCIPLINARIA, POR EL INCUMPLIMIENTO DE LA META 20 POR DEFICIENCIAS EN LA PLANEACIÓN DEL PROYECTO 4149.",INADECUADO SEGUIMIENTO Y CONTROL EN LA EJECUCIÓN AL PROYECTO DE INVERSION,
135,1,rberdugo,3.2.1.2.8,01 - AUDITORIA DE REGULARIDAD,MII,"HALLAZGO ADMINISTRATIVO CON PRESUNTA INCIDENCIA DISCIPLINARIA POR FALTA DE PLANEACIÓN, FALTA DE SEGUIMIENTO, CONTROL Y EJECUCIÓN EN EL DESARROLLO DEL PROYECTO DE INVERSIÓN, BAJA EJECUCIÓN FÍSICA EN LA META NO. 20 Y BAJA EJECUCIÓN PRESUPUESTAL EN LAS METAS","OBSERVACIÓN ADMINISTRATIVA CON PRESUNTA INCIDENCIA DISCIPLINARIA POR FALTA DE PLANEACIÓN, FALTA DE SEGUIMIENTO, CONTROL Y EJECUCIÓN EN EL DESARROLLO DEL PROYECTO DE INVERSIÓN, BAJA EJECUCIÓN FÍSICA EN LA META NO. 20 Y BAJA EJECUCIÓN PRESUPUESTAL EN LAS ME",
136,1,rberdugo,3.2.2.1,01 - AUDITORIA DE REGULARIDAD,OAPC,"HALLAZGO ADMINISTRATIVO POR EL INCUMPLIENDO DE LA META PROYECTADA FRENTE A LA COBERTURA QUE DEBÍA ATENDERSE EN LA VIGENCIA 2017, EN LA TEMÁTICA “POSIBILIDAD DE AMPLIACIÓN DE LA COBERTURA ESTUDIANTIL TENIENDO EN CUENTA LA ALTA DEMANDA”.","LA META DE POBLACIÓN OBJETIVA ATENDIA POR EL PROYECTO, DEBE TENER EN CUENTA LA CAPACIDAD INSTALADA DE LA SEDE. EN ÉSTA SE CUENTAN LOS NUEVOS CUPOS Y CUPOS DE PROGRAMAS  EXISTENTES QUE SE TRASLADAN A LA MISMA.",
137,1,rberdugo,3.2.3.2,01 - AUDITORIA DE REGULARIDAD,OAPC,"HALLAZGO ADMINISTRATIVO CON PRESUNTA INCIDENCIA DISCIPLINARIA, POR LA ADICIÓN DE PRESUPUESTO POR PARTE DE LA RECTORÍA AL RUBRO DE EVENTOS ACADÉMICOS POR $50.000.000, PARA UN PRESUPUESTO DEFINITIVO DE $248.872.000 Y UN SALDO POR EJECUTAR DE $78.359.514, DE",FALTA DE SEGUIMIENTO PERIÓDICO A LA EJECUCIÓN DE RECURSOS ASIGNADOS EN EL PRESUPUESTO,
138,1,rberdugo,3.2.3.3,01 - AUDITORIA DE REGULARIDAD,OAPC,"HALLAZGO ADMINISTRATIVO CON PRESUNTA INCIDENCIA DISCIPLINARIA, POR NO CONTAR CON UN INDICADOR QUE PERMITA MEDIR Y REFLEJAR LA GESTIÓN AMBIENTAL REALIZADA POR LA UNIVERSIDAD EN EL PERIODO AUDITADO, TAL COMO SE INDICA EN LOS LINEAMIENTOS DADOS POR LA AUTORI","LAS ACCIONES AMBIENTALES 1 Y 2 PRESENTADAS POR LA UDFJC ESTÁN ENCAMINADAS A ACTIVIDADES DE CARÁCTER ADMINISTRATIVO Y CONTRATACIÓN DE PERSONAL, QUE GENERAN COMO INDICADOR ÚNICAMENTE EL PORCENTAJE DEL GASTO DEL PRESUPUESTO DE FUNCIONAMIENTO,  Y NO ALGÚN LOG",
139,1,rberdugo,3.3.1.2.1,01 - AUDITORIA DE REGULARIDAD,DRH,"HALLAZGO ADMINISTRATIVO CON PRESUNTA INCIDENCIA DISCIPLINARIA POR FALTA DE ACTUALIZACIÓN, DEPURACIÓN DE LAS CUOTAS PARTES PENSIONALES Y REITERACIÓN POR PARTE DE LA CONTRALORÍA DE BOGOTÁ DE DICHA SITUACIÓN DURANTE VARIAS VIGENCIAS ANTERIORES.",FALTA DE REGISTROS SEGUIMIENTO Y CONTROL DE  LOS INGRESO POR CONCEPTO DE CUOTAS PARTES PENSIONALES,
140,1,rberdugo,3.3.1.2.2,01 - AUDITORIA DE REGULARIDAD,OAPC,HALLAZGO ADMINISTRATIVO CON PRESUNTA INCIDENCIA DISCIPLINARIA POR PRESENTAR INCERTIDUMBRE LAS SUBCUENTAS 164028 EDIFICACIONES DE USO PERMANENTE Y SU CORRELATIVA.,INCONVENIENTES DURANTE LA ETAPA PRECONTRACTUAL PARA LA CONTRATACIÓN DE LA ELABORACIÓN DE LOS AVALUOS PROPIEDAD DE LA UNIVERSIDAD.,
141,1,rberdugo,3.3.1.2.3,01 - AUDITORIA DE REGULARIDAD,SCON,"HALLAZGO ADMINISTRATIVO CON PRESUNTA INCIDENCIA DISCIPLINARIA POR REGISTRAR EL VALOR DE LA CONSTRUCCIÓN “CIUDADELA PORVENIR BOSA” EN UNA CUENTA QUE NO CORRESPONDE A LA DINÁMICA ESTABLECIDA EN EL PLAN GENERAL DE CONTABILIDAD PÚBLICA, GENERANDO SOBRESTIMACI","REGISTRO INADECUADO DEL VALOR DE LA CONSTRUCCIÓN “CIUDADELA PORVENIR BOSA” EN UNA CUENTA QUE NO CORRESPONDE A LA DINÁMICA ESTABLECIDA EN EL PLAN GENERAL DE CONTABILIDAD PÚBLICA, GENERANDO SOBRESTIMACIÓN EN LA SUBCUENTA 191502 OBRAS Y MEJORAS EN PROPIEDAD ",
142,1,rberdugo,3.3.1.2.4,01 - AUDITORIA DE REGULARIDAD,SCON,"HALLAZGO ADMINISTRATIVO CON PRESUNTA INCIDENCIA DISCIPLINARIA POR NO REVELAR DE FORMA ADECUADA LAS VALORIZACIONES Y LA PROVISIÓN PARA PROTECCIÓN DE PROPIEDADES, PLANTA Y EQUIPO DE LOS INMUEBLES LLAMADOS “MACARENA A FACULTAD CIENCIAS”, MACARENA B FACULTAD ","REVELACIÓN INADECUADA DE LAS  VALORIZACIONES Y LA PROVISIÓN PARA PROTECCIÓN DE PROPIEDADES, PLANTA Y EQUIPO DE LOS INMUEBLES LLAMADOS “MACARENA A FACULTAD CIENCIAS”, MACARENA B FACULTAD CIENCIAS, SEDE B THOMAS JEFFERSON COLEGIO EXTERNADO Y FINCA EL TÍBAR ",
143,1,rberdugo,3.3.1.2.5,01 - AUDITORIA DE REGULARIDAD,SCON,HALLAZGO ADMINISTRATIVO CON PRESUNTA INCIDENCIA DISCIPLINARIA POR INCERTIDUMBRE EN EL SALDO REPORTADO EN ESTA CUENTA AL NO EXISTIR CONCILIACIÓN DE SALDOS CON LAS ENTIDADES PÚBLICAS RECÍPROCAS.,"SE GENERA INCERTIDUMBRE EN EL SALDO REPORTADO EN ESTA CUENTA AL NO EXISTIR CONCILIACIÓN DE SALDOS CON LAS ENTIDADES PÚBLICAS RECÍPROCAS, POR FALTA DE CONSISTENCIA, DOCUMENTACIÓN EN LOS PROCEDIMIENTOS Y MESAS REALIZADAS CON LAS OTRAS ENTIDADES.",
144,1,rberdugo,3.3.1.2.6,01 - AUDITORIA DE REGULARIDAD,VAF,"HALLAZGO ADMINISTRATIVO CON INCIDENCIA FISCAL EN CUANTÍA DE $5.089.426 Y PRESUNTA INCIDENCIA DISCIPLINARIA, POR LA CANCELACIÓN DE INTERESES DE MORA EN EL PAGO DE CUOTAS PARTES PENSIONALES E INCERTIDUMBRE EN EL SALDO REPORTADO EN LA CUENTA 251006, AL REGIS",FALTA DE CONTROLES EN EL PROCESO DE PAGOS DE CUOTAS PARTES PENSIONALES,
145,1,rberdugo,3.3.1.2.7,01 - AUDITORIA DE REGULARIDAD,DRH,HALLAZGO ADMINISTRATIVO CON PRESUNTA INCIDENCIA DISCIPLINARIA POR LA FALTA DE RECONOCIMIENTO DE LA ACTUALIZACIÓN DEL CÁLCULO ACTUARIAL AL CIERRE DE LA VIGENCIA 2017.,FALTA DE CONTROLES ENTRE LAS DEPENDENCIAS EN LAS COMUNICACIONES INTERNAS,
146,1,rberdugo,3.3.1.2.8,01 - AUDITORIA DE REGULARIDAD,SCON,"HALLAZGO ADMINISTRATIVO CON PRESUNTA INCIDENCIA DISCIPLINARIA POR SOBRESTIMAR EL SALDO AMORTIZADO DEL CÁLCULO ACTUARIAL AL CIERRE DEL EJERCICIO DE LA VIGENCIA 2017, SIN TENER EN CUENTA LOS AJUSTES PREVIOS.","SE SOBREESTIMO EL SALDO AMORTIZADO DEL CÁLCULO ACTUARIAL AL CIERRE DEL EJERCICIO DE LA VIGENCIA 2017, SIN TENER EN CUENTA LOS AJUSTES PREVIOS.",
147,1,rberdugo,4.4.1.1,01 - AUDITORIA DE REGULARIDAD,IDEXUD,"HALLAZGO ADMINISTRATIVO CON PRESUNTA INCIDENCIA DISCIPLINARIA, PENAL Y FISCAL EN CUANTÍA DE $2.744.005.574 POR LA GESTIÓN INEFICIENTE, INEFICAZ Y ANTIECONÓMICA PRESENTADA EN LA EJECUCIÓN DE LOS RECURSOS, GENERANDO UNA CONTRATACIÓN INNECESARIA ADEMÁS DE IR","FALTA DE UNA ADECUADA ORGANIZACIÓN, COMUNICACIÓN, SEGUIMIENTO Y CONTROL DE LAS ACTIVIDADES A REALIZAR EN EJECUCIÓN DEL CONVENIO 2955 DE 2015.",
148,1,rberdugo,4.4.2,01 - AUDITORIA DE REGULARIDAD,VIA,"HALLAZGO ADMINISTRATIVO CON PRESUNTA INCIDENCIA FISCAL EN CUANTÍA DE $25.166.089,8 Y DISCIPLINARIA, POR EL CRUCE DE HORARIOS EN LAS CLASES ASIGNADAS EN LA UDFJC CON LA UNIVERSIDAD AUTÓNOMA DE COLOMBIA A LOS DOCENTES DE PLANTA LUINI LEONARDO HURTADO CORTES","OBSERVACIÓN ADMINISTRATIVA CON PRESUNTA INCIDENCIA FISCAL EN CUANTÍA DE $25.166.089,8 Y DISCIPLINARIA, POR EL CRUCE DE HORARIOS EN LAS CLASES ASIGNADAS EN LA UDFJC CON LA UNIVERSIDAD AUTÓNOMA DE COLOMBIA A LOS DOCENTES DE PLANTA LUINI LEONARDO HURTADO COR",
149,1,rberdugo,4.4.3,01 - AUDITORIA DE REGULARIDAD,SCO,"HALLAZGO ADMINISTRATIVO CON PRESUNTA INCIDENCIA FISCAL Y DISCIPLINARIA, EN CUANTÍA DE $82.407.500 POR SOBRECOSTO EN LA COMPRA DE BATERÍAS UPS, POR INOPORTUNA Y/O NO PUBLICACIÓN EN EL SECOP DE ALGUNOS DOCUMENTOS CONTRACTUALES, ASÍ MISMO ES EVIDENTE LA FALT","HALLAZGO ADMINISTRATIVO CON PRESUNTA INCIDENCIA FISCAL Y DISCIPLINARIA, EN CUANTÍA DE $82.407.500 POR SOBRECOSTO EN LA COMPRA DE BATERÍAS UPS, POR INOPORTUNA Y/O NO PUBLICACIÓN EN EL SECOP DE ALGUNOS DOCUMENTOS CONTRACTUALES, ASÍ MISMO ES EVIDENTE LA FALT",
150,1,rberdugo,4.5.1,01 - AUDITORIA DE REGULARIDAD,REC,"HALLAZGO ADMINISTRATIVO CON PRESUNTA INCIDENCIA FISCAL EN CUANTÍA DE $85.794.646 Y DISCIPLINARIA, POR EL PAGO IRREGULAR DE DOBLE EROGACIÓN ENTRE LA PENSIÓN DE JUBILACIÓN RECONOCIDA Y PAGADA POR LA UDFJC Y LA PENSIÓN DE VEJEZ, AL SEÑOR CESAR AUGUSTO BEJARA","INCOMPATIBILIDAD ENTRE LAS PENSIONES DE JUBILIACIÓN OTORGADA POR LA UNVIERSIDAD DISTRITAL EN FEBRERO DE 1996   Y LA PENSIÓN DE VEJEZ RECONOCIDA POSTERIORMENTE POR COLPENSIONES EN MARZO DE 2013, FECHA EN LA CUAL Y POR HECHO DE COLPENSIONES SE CONFIGURA EL ",
151,1,rberdugo,4.5.2,01 - AUDITORIA DE REGULARIDAD,SG,"HALLAZGO ADMINISTRATIVO CON PRESUNTA INCIDENCIA FISCAL EN CUANTÍA DE $334.422.580 Y DISCIPLINARIA, POR EL PAGO IRREGULAR DE DOBLE EROGACIÓN ENTRE LA PENSIÓN DE JUBILACIÓN RECONOCIDA Y PAGADA POR LA UDFJC Y LA PENSIÓN DE VEJEZ, AL SEÑOR GUSTAVO ENRIQUE CAN","INCOMPATIBILIDAD ENTRE LAS PENSIONES DE JUBILIACIÓN OTORGADA POR LA UNVIERSIDAD DISTRITAL EN JULIO  DE 1996   Y LA PENSIÓN DE VEJEZ RECONOCIDA POSTERIORMENTE POR COLPENSIONES EN OCTUBRE DE 2010, FECHA EN LA CUAL Y POR HECHO DE COLPENSIONES SE CONFIGURA EL",
152,1,rberdugo,4.5.3,01 - AUDITORIA DE REGULARIDAD,REC,"HALLAZGO ADMINISTRATIVO CON PRESUNTA INCIDENCIA FISCAL EN CUANTÍA DE $359.906.848 Y DISCIPLINARIA, POR EL PAGO IRREGULAR DE DOBLE EROGACIÓN ENTRE LA PENSIÓN DE JUBILACIÓN RECONOCIDA Y PAGADA POR LA UDFJC Y LA PENSIÓN DE VEJEZ, AL SEÑOR JOHN ARTURO GARCÍA ","INCOMPATIBILIDAD ENTRE LAS PENSIONES DE JUBILIACIÓN OTORGADA POR LA UNVIERSIDAD DISTRITAL EN FEBRERO DE 1999   Y LA PENSIÓN DE VEJEZ RECONOCIDA POSTERIORMENTE POR COLPENSIONES EN AGOSTO DE 2005, FECHA EN LA CUAL Y POR HECHO DE COLPENSIONES SE CONFIGURA EL",
153,1,rberdugo,4.6.1,01 - AUDITORIA DE REGULARIDAD,DRH,"HALLAZGO ADMINISTRATIVO CON PRESUNTA INCIDENCIA DISCIPLINARIA POR FALTA DE DEFINICIÓN DE UNA LÍNEA CLARA DE GESTIÓN OPORTUNA QUE CONLLEVE LAS ACCIONES ACERTADAS PARA EL RECOBRO DE LAS CUOTAS PARTES PENSIONALES, QUE LE ADEUDAN A LA UNIVERSIDAD.",FALTA DE CARACTERIZACIÓN  DEL  PROCEDIMIENTO PARA EL COBRO DE LAS CUOTAS PARTES PENSIONALES A FAVOR DE LA UNIVERSIDAD.,
154,1,rberdugo,4.7.1,01 - AUDITORIA DE REGULARIDAD,ODO,"HALLAZGO ADMINISTRATIVO CON PRESUNTA INCIDENCIA FISCAL EN CUANTÍA DE $72.728.967, DISCIPLINARIA Y PENAL, POR HABER RECONOCIDO Y CANCELADO PUNTOS SALARIALES POR PUBLICACIÓN DE LIBROS EN UNA EDITORIAL SIN TENER LOS REQUISITOS EXIGIDOS, POR LA CONTRADICCIÓN ",NO SE TIENE UN SISTEMA PREESTABLECIDO PARA  LOGRAR IDENTIFICAR DUPLICIDAD EN LOS DOCUMENTOS PRESENTADOS POR LOS DOCENTES,
155,1,rberdugo,4.8.1,01 - AUDITORIA DE REGULARIDAD,OAJ,"HALLAZGO ADMINISTRATIVO CON PRESUNTA INCIDENCIA DISCIPLINARIA POR FALTA DE CONTROL Y SEGUIMIENTO A LAS ACTUACIONES PROCESALES POR PARTE DE LA UNIVERSIDAD, NO DEFINICIÓN DE UNA LÍNEA DE GESTIÓN DOCUMENTAL EN CUANTO AL MANEJO DE LOS SOPORTES JUDICIALES A EF",FALTA DE  CONTROL A LA GESTIÓN DE LOS ABAGADOS EXTERNOS,
156,1,rberdugo,4.8.2,01 - AUDITORIA DE REGULARIDAD,OAJ,"HALLAZGO ADMINISTRATIVO CON PRESUNTA INCIDENCIA FISCAL EN CUANTÍA DE $227.606.538 Y DISCIPLINARIA POR OMISIÓN EN EL CUMPLIMIENTO DE MEDIDAS CAUTELARES DE SUSPENSIÓN PROVISIONAL, DECRETADA EN EL PROCESO CONTENCIOSO ADMINISTRATIVO (ACCIÓN DE LESIVIDAD) NÚME",FALTA DE UN PROCEDIMIENTO PARA EL CUMPLIMIENTO DE SENTENCIAS JUDICIALES,
157,1,rberdugo,4.8.3,01 - AUDITORIA DE REGULARIDAD,OAJ,"HALLAZGO ADMINISTRATIVO CON PRESUNTA INCIDENCIA FISCAL EN CUANTÍA DE $335.743.366, DISCIPLINARIA Y PENAL POR OMISIÓN EN EL CUMPLIMIENTO DE MEDIDAS CAUTELARES DE SUSPENSIÓN PROVISIONAL, DECRETADA EN EL PROCESO CONTENCIOSO ADMINISTRATIVO (ACCIÓN DE LESIVIDA",FALTA DE UN PROCEDIMIENTO PARA EL CUMPLIMIENTO DE SENTENCIAS JUDICIALES,
158,1,rberdugo,4.9.1,01 - AUDITORIA DE REGULARIDAD,VIA,"HALLAZGO ADMINISTRATIVO CON PRESUNTA INCIDENCIA DISCIPLINARIA, POR NO TENER UNA LÍNEA CLARA PARA LA VERIFICACIÓN DE LOS REQUISITOS ESTABLECIDOS EN LAS LEYES 403 Y 815 DE 1997 Y 2003 RESPECTIVAMENTE, AL MOMENTO DE APLICAR EL DESCUENTO EN LA MATRICULA A LOS","HALLAZGO ADMINISTRATIVO CON PRESUNTA INCIDENCIA DISCIPLINARIA, POR NO TENER UNA LÍNEA CLARA PARA LA VERIFICACIÓN DE LOS REQUISITOS ESTABLECIDOS EN LAS LEYES 403 Y 815 DE 1997 Y 2003 RESPECTIVAMENTE, AL MOMENTO DE APLICAR EL DESCUENTO EN LA MATRICULA A LOS",
159,1,rberdugo,0.2.1.1,05 - AUDITORIA ESPECIAL,OAJ,POSIBLE PAGO DE DOBLES PENSIONES EN 31 CASOS POR EL VALOR DE $9.546.322.956,FALTA DE GESTIÓN  DE LA ADMINISTRACIÓN PARA LA APLICACIÓN Y HACER EFECTIVO EL AJUSTE ECONÓMICO DE LOS RECONOCIMIENTOS POR DOBLES PENSIONES,
160,1,rberdugo,2.1.1.10,01 - AUDITORIA DE REGULARIDAD,OAJ,"HALLAZGO ADMINISTRATIVO CON INCIDENCIA DISCIPLINARIA A PARTIR DE LA REVISIÓN DEL CONTRATO DE CONSULTORÍA NO. 143 DE 2010, CELEBRADO CON EL CONSORCIO DISEÑAR, POR INDEBIDA JUSTIFICACIÓN TÉCNICA PARA LA ADICIÓN DEL CONTRATO.",DEFICIENCIA JURÍDICA EN EL CONTROL  DE LOS PROCESOS DE GESTIÓN CONTRACTUAL.,
161,1,rberdugo,2.1.10,05 - AUDITORIA ESPECIAL,SG,"HALLAZGO ADMINISTRATIVO CON INCIDENCIA DISCIPLINARIA, FISCAL Y PENAL POR PERMITIR EL PAGO INDEBIDO DE UNA DOBLE PENSIÓN, AL PRESENTARSE EL FENÓMENO JURÍDICO DE LA COMPARTIBILIDAD PENSIONAL POR EL VALOR DE $ 407. 326.788.","FALTA DE SUSPENSIÓN OPORTUNA DE LA PENSIÓN DE JUBILACIÓN, ES DECIR, AL MOMENTO DE RECONOCERCE EL RECONOCIMIENTO DE LA PENSIÓN DE VEJEZ, SITUACIÓN QUE GENERA UN DOBLE PAGO PENSIONAL POR LA MISMA CONTINGENCIA",
162,1,rberdugo,2.1.10.1,01 - AUDITORIA DE REGULARIDAD,IDEXUD,"HALLAZGO ADMINISTRATIVO POR MANTENER INACTIVAS CUENTAS DE AHORRO Y CORRIENTES, ÚNICAMENTE GENERANDO RENDIMIENTOS FINANCIEROS, CUANDO ASÍ FUE SUSCRITO CON LA ENTIDAD BANCARIA, MIENTRAS QUE SE ENCUENTRAN VARIOS CASOS EN DONDE NO SE REPORTAN INGRESOS POR REN",MANTANER INACTIVAS CUENTAS DE AHORRO,
163,1,rberdugo,2.1.10.5,01 - AUDITORIA DE REGULARIDAD,SCON,"HALLAZGO ADMINISTRATIVO CON INCIDENCIA DISCIPLINARIA EN SALDOS DE ALMACÉN POR NO REALIZAR LA CONCILIACIÓN DE LOS SALDOS ENTRE LA SECCIÓN DE ALMACÉN Y LA SECCIÓN DE CONTABILIDAD A 31 DE DICIEMBRE DE 2013,",NO SE EFECTUAN LAS CONCILIACIONES REQUERIDAS ENTRE LAS AREAS DE CONTABILIDAD Y ALMACÉN.,
164,1,rberdugo,2.1.10.6,01 - AUDITORIA DE REGULARIDAD,AGI,"HALLAZGO ADMINISTRATIVO POR NO REALIZAR LA DEPRECIACIÓN NI LA AMORTIZACIÓN DE ACTIVOS A 31 DE DICIEMBRE DE 2013, LA CUENTA AUXILIAR DEPRECIACIÓN ACUMULADA REFLEJABA UN SALDO DE $35.569.028.000, DURANTE LA VIGENCIA 2013 NO FUERON APLICADAS LAS DEPRECIACION",POR INCONVENIENTES EN EL APLICATIVO DE INVENTARIOS NO NO SE EFECTUARON LAS DEPRECIACIONES Y AMORTIZACIONES CORRESPONDIENTES.,
165,1,rberdugo,2.1.10.8,01 - AUDITORIA DE REGULARIDAD,OAJ,"OBSERVACIÓN ADMINISTRATIVO CON INCIDENCIA FISCAL Y DISCIPLINARIA, POR DEMORA EN EL PAGO DE SENTENCIA JUDICIAL, GENERANDO UN DAÑO AL ERARDIO DISTRITAL EN CUANTÍA DE $15.098.413,00.",PAGO DE INTERESES DE MORA EN APLICACIÓN DE UN FALLO DE SENTENCIA JUDICIAL,
166,1,rberdugo,2.1.11,05 - AUDITORIA ESPECIAL,OAJ,"HALLAZGO ADMINISTRATIVO CON INCIDENCIA DISCIPLINARIA, FISCAL Y PENAL POR PERMITIR EL PAGO INDEBIDO DE UNA DOBLE PENSIÓN, AL PRESENTARSE EL FENÓMENO JURÍDICO DE LA COMPARTIBILIDAD PENSIONAL POR EL VALOR DE $1.250.384.733","FALTA DE SUSPENSIÓN OPORTUNA DE LA PENSIÓN DE JUBILACIÓN, ES DECIR, AL MOMENTO DE RECONOCERCE EL RECONOCIMIENTO DE LA PENSIÓN DE VEJEZ, SITUACIÓN QUE GENERA UN DOBLE PAGO PENSIONAL POR LA MISMA CONTINGENCIA",
167,1,rberdugo,2.1.12,05 - AUDITORIA ESPECIAL,OAJ,"HALLAZGO ADMINISTRATIVO CON INCIDENCIA DISCIPLINARIA, FISCAL Y PENAL POR PERMITIR EL PAGO INDEBIDO DE UNA DOBLE PENSIÓN, AL PRESENTARSE EL FENÓMENO JURÍDICO DE LA COMPARTIBILIDAD PENSIONAL POR EL VALOR DE $36.972.570","FALTA DE SUSPENSIÓN OPORTUNA DE LA PENSIÓN DE JUBILACIÓN, ES DECIR, AL MOMENTO DE RECONOCERCE EL RECONOCIMIENTO DE LA PENSIÓN DE VEJEZ, SITUACIÓN QUE GENERA UN DOBLE PAGO PENSIONAL POR LA MISMA CONTINGENCIA",
168,1,rberdugo,2.1.13,05 - AUDITORIA ESPECIAL,OAJ,"HALLAZGO ADMINISTRATIVO CON INCIDENCIA DISCIPLINARIA, FISCAL Y PENAL POR PERMITIR EL PAGO INDEBIDO DE UNA DOBLE PENSIÓN, AL PRESENTARSE EL FENÓMENO JURÍDICO DE LA COMPARTIBILIDAD PENSIONAL POR EL VALOR DE $672.839.895","FALTA DE SUSPENSIÓN OPORTUNA DE LA PENSIÓN DE JUBILACIÓN, ES DECIR, AL MOMENTO DE RECONOCERCE EL RECONOCIMIENTO DE LA PENSIÓN DE VEJEZ, SITUACIÓN QUE GENERA UN DOBLE PAGO PENSIONAL POR LA MISMA CONTINGENCIA",
169,1,rberdugo,2.1.14,05 - AUDITORIA ESPECIAL,OAJ,"HALLAZGO ADMINISTRATIVO CON INCIDENCIA DISCIPLINARIA, FISCAL Y PENAL POR PERMITIR EL PAGO INDEBIDO DE UNA DOBLE PENSIÓN, AL PRESENTARSE EL FENÓMENO JURÍDICO DE LA COMPARTIBILIDAD PENSIONAL POR EL VALOR DE $31.905.200.","FALTA DE SUSPENSIÓN OPORTUNA DE LA PENSIÓN DE JUBILACIÓN, ES DECIR, AL MOMENTO DE RECONOCERCE EL RECONOCIMIENTO DE LA PENSIÓN DE VEJEZ, SITUACIÓN QUE GENERA UN DOBLE PAGO PENSIONAL POR LA MISMA CONTINGENCIA",
170,1,rberdugo,2.1.17,05 - AUDITORIA ESPECIAL,DRH,"HALLAZGO ADMINISTRATIVO CON INCIDENCIA DISCIPLINARIA, FISCAL Y PENAL POR PERMITIR EL PAGO INDEBIDO DE UNA DOBLE PENSIÓN, AL PRESENTARSE EL FENÓMENO JURÍDICO DE LA COMPARTIBILIDAD PENSIONAL POR EL VALOR DE 166.449.879","FALTA DE SUSPENSIÓN OPORTUNA DE LA PENSIÓN DE JUBILACIÓN, ES DECIR, AL MOMENTO DE RECONOCERCE EL RECONOCIMIENTO DE LA PENSIÓN DE VEJEZ, SITUACIÓN QUE GENERA UN DOBLE PAGO PENSIONAL POR LA MISMA CONTINGENCIA",
171,1,rberdugo,2.1.2.8.1,05 - AUDITORIA ESPECIAL,OAPC,"HALLAZGO ADMINISTRATIVO CON INCIDENCIA DISCIPLINARIA POR LA FALTA DE LICENCIA DE CONSTRUCCIÓN DEL PROYECTO CONSTRUCTIVO, CONTRATO 090 DE 2011",DEFICIENCIAS EN EL PROCESO CONTRACTUAL,
172,1,rberdugo,2.1.20,05 - AUDITORIA ESPECIAL,OAJ,"HALLAZGO ADMINISTRATIVO CON INCIDENCIA DISCIPLINARIA, FISCAL Y PENAL POR PERMITIR EL PAGO INDEBIDO DE UNA DOBLE PENSIÓN, AL PRESENTARSE EL FENÓMENO JURÍDICO DE LA COMPARTIBILIDAD PENSIONAL POR EL VALOR DE $137.641.388","FALTA DE SUSPENSIÓN OPORTUNA DE LA PENSIÓN DE JUBILACIÓN, ES DECIR, AL MOMENTO DE RECONOCERCE EL RECONOCIMIENTO DE LA PENSIÓN DE VEJEZ, SITUACIÓN QUE GENERA UN DOBLE PAGO PENSIONAL POR LA MISMA CONTINGENCIA",
173,1,rberdugo,2.1.21,05 - AUDITORIA ESPECIAL,SG,"HALLAZGO ADMINISTRATIVO CON INCIDENCIA DISCIPLINARIA, FISCAL Y PENAL POR PERMITIR EL PAGO INDEBIDO DE UNA DOBLE PENSIÓN, AL PRESENTARSE EL FENÓMENO JURÍDICO DE LA COMPARTIBILIDAD PENSIONAL POR EL VALOR DE $130.099.857","FALTA DE SUSPENSIÓN OPORTUNA DE LA PENSIÓN DE JUBILACIÓN, ES DECIR, AL MOMENTO DE RECONOCERCE EL RECONOCIMIENTO DE LA PENSIÓN DE VEJEZ, SITUACIÓN QUE GENERA UN DOBLE PAGO PENSIONAL POR LA MISMA CONTINGENCIA",
174,1,rberdugo,2.1.22,05 - AUDITORIA ESPECIAL,SG,"HALLAZGO ADMINISTRATIVO CON INCIDENCIA DISCIPLINARIA, FISCAL Y PENAL POR PERMITIR EL PAGO INDEBIDO DE UNA DOBLE PENSIÓN, AL PRESENTARSE EL FENÓMENO JURÍDICO DE LA COMPARTIBILIDAD PENSIONAL POR EL VALOR DE $233.078.770.","FALTA DE SUSPENSIÓN OPORTUNA DE LA PENSIÓN DE JUBILACIÓN, ES DECIR, AL MOMENTO DE RECONOCERCE EL RECONOCIMIENTO DE LA PENSIÓN DE VEJEZ, SITUACIÓN QUE GENERA UN DOBLE PAGO PENSIONAL POR LA MISMA CONTINGENCIA",
175,1,rberdugo,2.1.3.2.12,01 - AUDITORIA DE REGULARIDAD,OAJ,"HALLAZGO ADMINISTRATIVO CON PRESUNTA INCIDENCIA DISCIPLINARIA POR PUBLICACIÓN EXTEMPORÁNEA EN EL SECOP, POR NO ESTAR JUSTIFICADO Y NO HABER CUMPLIDO LOS REQUISITOS ESTABLECIDOS EN LAS NORMAS EXPEDIDAS",FALTA DE REGLAMENTACIÓN SOBRE LOS PLAZOS DE PUBLICACIÓN Y CARENCIA DE UN PROCEDIMIENTO INTERNO.,
176,1,rberdugo,2.1.3.2.13,01 - AUDITORIA DE REGULARIDAD,OAJ,"HALLAZGO ADMINISTRATIVO CON PRESUNTA INCIDENCIA DISCIPLINARIA POR LA PUBLICACIÓN EXTEMPORÁNEA EN EL SECOP, NO ADELANTAR LOS ESTUDIOS PREVIOS EN FORMA ADECUADA DE ACUERDO CON LA ESTRUCTURACIÓN PLANTEADA EN EL MISMO Y EN EL ESTATUTO DE CONTRATACIÓN DE LA UN",FALTA DE REGLAMENTACIÓN SOBRE LOS PLAZOS DE PUBLICACIÓN Y CARENCIA DE UN PROCEDIMIENTO INTERNO.,
177,1,rberdugo,2.1.3.4,05 - AUDITORIA ESPECIAL,AGI,FALTA DE IMPLEMENTACIÓN DEL SISTEMA DE INVENTARIOS,"IMPRECISIONES EN EL CONTROL DE LOS ELEMENTOS, ADEMÁS DE CONSTITUIR UN RIESGO PERMANENTE PARA QUIENES SIN TENER POSIBILIDAD DE EJERCER SU CONTROL, DEBEN ASUMIR LA RESPONSABILIDAD EN CASO DE PÉRDIDA.",
178,1,rberdugo,2.1.4.9,01 - AUDITORIA DE REGULARIDAD,OAPC,"HALLAZGO ADMINISTRATIVO CON PRESUNTA INCIDENCIA DISCIPLINARIA POR GESTIÓN PRESUPUESTAL INEFICIENTE POR PARTE DE LA UNIVERSIDAD DISTRITAL FRANCISCO JOSÉ DE CALDAS-UDFJC, DURANTE LA VIGENCIA 2015",FALTA DE PLANEACIÓN Y GESTIÓN DE RUBRO DE INVERSIÓN.,
179,1,rberdugo,2.1.5.2,01 - AUDITORIA DE REGULARIDAD,OAS,HALLAZGO ADMINISTRATIVO DE CARÁCTER DISCIPLINARIO POR LA MULTIPLICIDAD DE APLICACIONES Y FALTA DE ARTICULACIÓN DE ESTAS.,LOS APLICATIVOS IMPLEMENTADOS NO ESTAN ACTUALIZADOS Y SE ENCUENTRAN DEBIDAMENTE ARTICULADOS.,
180,1,rberdugo,2.1.6,05 - AUDITORIA ESPECIAL,OAJ,"HALLAZGO ADMINISTRATIVO CON INCIDENCIA DISCIPLINARIA, FISCAL Y PENAL POR PERMITIR EL PAGO INDEBIDO DE UNA DOBLE PENSIÓN, AL PRESENTARSE EL FENÓMENO JURÍDICO DE LA COMPARTIBILIDAD PENSIONAL POR EL VALOR DE $287.709.928","FALTA DE SUSPENSIÓN OPORTUNA DE LA PENSIÓN DE JUBILACIÓN, ES DECIR, AL MOMENTO DE RECONOCERCE EL RECONOCIMIENTO DE LA PENSIÓN DE VEJEZ, SITUACIÓN QUE GENERA UN DOBLE PAGO PENSIONAL POR LA MISMA CONTINGENCIA",
181,1,rberdugo,2.1.8,05 - AUDITORIA ESPECIAL,OAJ,"HALLAZGO ADMINISTRATIVO CON INCIDENCIA DISCIPLINARIA, FISCAL Y PENAL POR PERMITIR EL PAGO INDEBIDO DE UNA DOBLE PENSIÓN, AL PRESENTARSE EL FENÓMENO JURÍDICO DE LA COMPARTIBILIDAD PENSIONAL POR EL VALOR DE $ 176.347.952.","FALTA DE SUSPENSIÓN OPORTUNA DE LA PENSIÓN DE JUBILACIÓN, ES DECIR, AL MOMENTO DE RECONOCERCE EL RECONOCIMIENTO DE LA PENSIÓN DE VEJEZ, SITUACIÓN QUE GENERA UN DOBLE PAGO PENSIONAL POR LA MISMA CONTINGENCIA",
182,1,rberdugo,2.1.8.2,01 - AUDITORIA DE REGULARIDAD,OAPC,"HALLAZGO ADMINISTRATIVO CON INCIDENCIA DISCIPLINARIA PORQUE LA ENTIDAD NO DIO CUMPLIMIENTO A LAS METAS, DEBIDO A FALTA DE GESTIÓN EN LA CONTRATACIÓN, ADEMAS EN EL PROYECTO 188 UTILIZÓ LOS RECURSOS EN GASTOS DE FUNCIONAMIENTO Y NO EN INVERSIÓN PROPIAMENTE ","A PESAR DE CONTAR CON LOS RECURSOS Y REALIZAR LAS FASES DE DEFINICIÓN DE ESPECIFICACIONES TÉCNICAS, ESTUDIOS DE MERCADO Y PRESENTACIÓN DE OFERTAS, NO SE DESARROLLÓ EL PROCESO PRECONTRACTUAL.",
183,1,rberdugo,2.1.8.5,01 - AUDITORIA DE REGULARIDAD,OAPC,"HALLAZGO ADMINISTRATIVO POR QUE LA UNIVERSIDAD NO HA DADO ESTRICTO CUMPLIMIENTO, EN SUBSANAR LOS DOS TIPOS DE PROBLEMAS SOCIALES, PROPUESTOS A TRAVÉS DEL BALANCE, ES DECIR, LA BAJA COBERTURA DE LA EDUCACIÓN, Y LAS INADECUADAS CONDICIONES DE CALIDAD EN LA ","NO SE HA SUBSANADO LA PROBLEMÁTICA DE COBERTURA Y CALIDAD. EN CONSECUENCIA, EL PROCESO EN EL DESARROLLO DE LOS PROYECTOS DE INVERSIÓN Y DE CADA UNA DE SUS METAS, ES MUY LENTO, LO CUAL PERJUDICA ENORMEMENTE A UN GRAN NÚMERO DE JÓVENES EN EDAD DE FORMARSE E",
184,1,rberdugo,2.1.9,05 - AUDITORIA ESPECIAL,SG,"HALLAZGO ADMINISTRATIVO CON INCIDENCIA DISCIPLINARIA, FISCAL Y PENAL POR PERMITIR EL PAGO INDEBIDO DE UNA DOBLE PENSIÓN, AL PRESENTARSE EL FENÓMENO JURÍDICO DE LA COMPARTIBILIDAD PENSIONAL POR EL VALOR DE $131.834.515.","FALTA DE SUSPENSIÓN OPORTUNA DE LA PENSIÓN DE JUBILACIÓN, ES DECIR, AL MOMENTO DE RECONOCERCE EL RECONOCIMIENTO DE LA PENSIÓN DE VEJEZ, SITUACIÓN QUE GENERA UN DOBLE PAGO PENSIONAL POR LA MISMA CONTINGENCIA",
185,1,rberdugo,2.2.1.4.1,01 - AUDITORIA DE REGULARIDAD,OAAD,"HALLAZGO ADMINISTRATIVO CON PRESUNTA INCIDENCIA DISCIPLINARIA POR NO EJECUTAR LA SUMA DE $10.319.814.690 DE PRESUPUESTO DISPONIBLE EN LA VIGENCIA. DE IGUAL MANERA, SE EVIDENCIÓ QUE DE SU PRESUPUESTO DEFINITIVO DE GASTOS PARA LA VIGENCIA, POR $240163.272.2",FALTA DE PLANEACIÓN Y GESTIÓN DE RUBRO DE INVERSIÓN.,
186,1,rberdugo,2.2.1.4.2,01 - AUDITORIA DE REGULARIDAD,OAAD,"HALLAZGO ADMINISTRATIVO CON PRESUNTA INCIDENCIA DISCIPLINARIA POR LA REDUCCIÓN AL PRESUPUESTO DE RENTAS E INGRESOS DE LA UDFJC. SE CONSTATÓ QUE LA UDFJC, EL 10 DE DICIEMBRE DE 2014, EFECTUÓ UNA REDUCCIÓN A SU PRESUPUESTO EN CUANTÍA DE $23.066.250.000, CON",FALTA DE PLANEACIÓN Y GESTIÓN DE RUBRO DE INVERSIÓN.,
187,1,rberdugo,2.2.1.4.3,01 - AUDITORIA DE REGULARIDAD,OAPC,"HALLAZGO ADMINISTRATIVO CON INCIDENCIA DISCIPLINARIA POR FALTA DE PLANEACIÓN Y GESTIÓN EN EL RUBRO DE INVERSIÓN, EL CUAL SE EJECUTÓ HASTA DICIEMBRE 31 DE 2014.DEL VALOR DE LAS RESERVAS 2014, CORRESPONDEN A INVERSIÓN LA SUMA DE $13.914.728.760, EQUIVALENTE",FALTA DE PLANEACIÓN Y GESTIÓN DE RUBRO DE INVERSIÓN.,
188,1,rberdugo,2.2.3.1.11,01 - AUDITORIA DE REGULARIDAD,SCON,HALLAZGO ADMINISTRATIVO CON PRESUNTA INCIDENCIA DISCIPLINARIA POR DEFICIENTE GESTIÓN Y RESULTADOS AL NO REALIZAR LA CONCILIACIÓN DE LOS SALDOS ENTRE LA SECCIÓN DE ALMACÉN Y LA SECCIÓN DE CONTABILIDAD A 31 DE DICIEMBRE DE 2014.,DEFICIENCIAS EN LA GESTIÓN ADMINISTRATIVA,
189,1,rberdugo,2.2.3.1.12,01 - AUDITORIA DE REGULARIDAD,OAS,HALLAZGO ADMINISTRATIVO POR NO REALIZAR LA DEPRECIACIÓN DE ACTIVOS A 31 DE DICIEMBRE DE 2014.,INCUMPLIMIENTO EN LA APLICACIÓN DEL REGIMEN DE CONTABILIDAD PÚBLICA,
190,1,rberdugo,2.2.3.1.13,01 - AUDITORIA DE REGULARIDAD,DRF,"HALLAZGO ADMINISTRATIVO CON PRESUNTA INCIDENCIA DISCIPLINARIA POR NO CONCILIACIÓN DE CIFRAS.LAS CIFRAS SOPORTE PARA EL PAGO DE LOS CONCEPTOS DE SEGURIDAD SOCIAL NO SON CONCILIADAS ENTRE LAS ÁREAS DE TESORERÍA, RECURSOS HUMANOS Y CONTABILIDAD  DEL ENTE AUD","LA MAYORÍA DE LOS PROCESOS DEL ÁREA FINANCIERA ESTÁ SOPORTADO POR EL MISMO APLICATIVO QUE SE UTILIZA EN LA SECRETARÍA DE HACIENDA DE BOGOTÁ Y EN LA MAYORÍA DE ENTIDADES DEL DISTRITO. SIN EMBARGO, POR DECISIONES ADMINISTRATIVAS DE AÑOS ANTERIORES, UN MÓDUL",
191,1,rberdugo,2.2.3.1.14,01 - AUDITORIA DE REGULARIDAD,DRH,HALLAZGO ADMINISTRATIVO POR AUSENCIA DE AJUSTE PASIVO PENSIONAL,AUSENCIA DE AJUSTE AL PASIVO PENSIONAL,
192,1,rberdugo,2.2.3.1.17,01 - AUDITORIA DE REGULARIDAD,DRF,"HALLAZGO ADMINISTRATIVO CON PRESUNTA INCIDENCIA DISCIPLINARIA POR FALTA DE PLANEACIÓN PARA IMPLEMENTAR UN SISTEMA CONFIABLE INTEGRAL EN LA ENTIDAD. EL SISTEMA DE INFORMACIÓN ES OBSOLETO Y POCO CONFIABLE. NO ESTÁ INTEGRADO, Y NO POSEE MÓDULOS DE AUDITORIA,","LA MAYORÍA DE LOS PROCESOS DEL ÁREA FINANCIERA ESTÁ SOPORTADO POR EL MISMO APLICATIVO QUE SE UTILIZA EN LA SECRETARÍA DE HACIENDA DE BOGOTÁ Y EN LA MAYORÍA DE ENTIDADES DEL DISTRITO. SIN EMBARGO, POR DECISIONES ADMINISTRATIVAS DE AÑOS ANTERIORES, UN MÓDUL",
193,1,rberdugo,2.2.3.1.19,01 - AUDITORIA DE REGULARIDAD,DRF,HALLAZGO ADMINISTRATIVO CON PRESUNTA INCIDENCIA DISCIPLINARIA DE CONCILIACIÓN DE CIFRAS CON EL ÁREA CONTABLE Y DE ALMACÉN. LAS CIFRAS ENTRE EL ÁREA CONTABLE Y ALMACÉN E INVENTARIOS PRESENTAN UN VALOR DE DIFERENCIAS PRODUCTO DE UN VALOR NETO ANTI TÉCNICO D,DEFICICNCIAS EN LA CONCILIACIÓN DE CIFRAS ENTRE ALMACEN Y CONTABILIDAD,
194,1,rberdugo,2.2.3.1.25,01 - AUDITORIA DE REGULARIDAD,DRF,HALLAZGO ADMINISTRATIVO CON PRESUNTA INCIDENCIA DISCIPLINARIA POR REVISIÓN Y VERIFICACIÓN DE CIFRAS. EL ÁREA FINANCIERA QUE SE ALIMENTA DE DIVERSAS OFICINAS SE VE AFECTADA POR LAS FALLAS DE LOS SISTEMAS DE INFORMACIÓN NO CONFIABLES SU TIEMPO DE REVISIÓN Y,"LA MAYORÍA DE LOS PROCESOS DEL ÁREA FINANCIERA ESTÁ SOPORTADO POR EL MISMO APLICATIVO QUE SE UTILIZA EN LA SECRETARÍA DE HACIENDA DE BOGOTÁ Y EN LA MAYORÍA DE ENTIDADES DEL DISTRITO. SIN EMBARGO, POR DECISIONES ADMINISTRATIVAS DE AÑOS ANTERIORES, UN MÓDUL",
195,1,rberdugo,2.2.3.1.26,01 - AUDITORIA DE REGULARIDAD,OAS,"HALLAZGO ADMINISTRATIVO CON PRESUNTA INCIDENCIA DISCIPLINARIA POR CARENCIA DE UN SISTEMA DE COSTOS.  LA ENTIDAD NO CUENTA CON ESTUDIOS PROPIOS QUE LE PERMITAN CUANTIFICAR Y APROBAR LOS GASTOS GENERALES Y LOS COSTOS DE PRODUCCIÓN, AL 100% DE CONFIABILIDAD","LA UNIVERSIDAD HABÍA DEFINIDO EN EL AÑO 2007 UN MODELO DE COSTEO POR EL SISTEMA ABC, DICHO AÑO SE DESARROLLÓ UN APLICATIVO QUE CONCRETABA EL MODELO Y SE REALIZÓ UNA PRUEBA PILOTO DE MANERA EXITOSA. SIN EMBARGO, ALGUNOS ELEMENTOS DE CONFIGURACIÓN NO FUERON",
196,1,rberdugo,2.3.1,05 - AUDITORIA ESPECIAL,VAF,"PRESUNTA OBSERVACIÓN ADMINISTRATIVA POR NO COTIZAR AL SISTEMA GENERAL DE SEGURIDAD SOCIAL-  PENSIONES  EFECTUADO EL SEGUIMIENTO A LA RELACIÓN SUMINISTRADA POR LA UNIVERSIDAD DISTRITAL FRANCISCO JOSÉ DE CALDAS, DE LOS, TRABAJADORES OFICIALES PENSIONADOS, S",NO COTIZAR AL SISTEMA DE SEGURIDAD SOCIAL,
197,1,rberdugo,2.3.1.2,01 - AUDITORIA DE REGULARIDAD,VAF,"HALLAZGO ADMINISTRATIVO CON PRESUNTA INCIDENCIA DISCIPLINARIA POR FALTA DE SOPORTES IDÓNEOS, LO QUE GENERA INCERTIDUMBRE EN EL DERECHO DE COBRO DE LA UDFJC SOBRE LAS CUOTAS PARTES PENSIONALES, VALORES REFLEJADOS EN LA CUENTA 147008.","DE CONFORMIDAD CON LO CONCLUIDO POR EL EQUIPO AUDITOR DE LA CONTRALORÍA DE BOGOTÁS, SE DEBE TENER CELERIDAD EN EL PROCESOS DE ACTUALIZACIÓN DEL CÁLCULO ACTUARIAL Y LA RESPECTIVA CONCILIACIÓN CONTABLE",
198,1,rberdugo,2.3.1.2.17,01 - AUDITORIA DE REGULARIDAD,IDEXUD,". HALLAZGO ADMINISTRATIVO CON PRESUNTA INCIDENCIA DISCIPLINARIA POR FALTA DE CONCILIACIÓN, CLARIDAD Y CONSISTENCIA DEL SALDO QUE PRESENTA LA SUBCUENTA 24530","EL SALDO QUE PRESENTA LA SUBCUENTA 245301 EN ADMINISTRACIÓN NO ES CONSISTENTE, AL NO EVIDENCIARSE UN MECANISMO DE CARÁCTER ADMINISTRATIVO MEDIANTE EL CUAL SE COORDINE EL FLUJO DE INFORMACIÓN, DE TAL MANERA QUE SE OBTENGA LA INFORMACIÓN COMPRENSIBLE Y CONF",
199,1,rberdugo,2.3.1.2.18,01 - AUDITORIA DE REGULARIDAD,SCON,"HALLAZGO ADMINISTRATIVO CON INCIDENCIA FISCAL EN CUANTÍA DE $2.716.499,64 Y CON PRESUNTA INCIDENCIA DISCIPLINARIA, POR EL PAGO DE INTERESES POR CONCEPTO DE CUOTAS PARTES PENSIÓNALES.",POR  NO TRAMITAR DE FORMA OPORTUNA POR PARTE DE  LA UNIVERSIDAD EL PAGO DE LAS CUOTAS PARTES PENSIÓNALES A LAS RESPECTIVAS ENTIDADES,
200,1,rberdugo,2.3.1.2.2,01 - AUDITORIA DE REGULARIDAD,TGE,HALLAZGO ADMINISTRATIVO POR INSUFICIENTE SUSTENTACIÓN DE LA NEGOCIACIÓN DEL CDT POR $5.463.117.096 Y CARENCIA DE SISTEMA DE GRABACIÓN DEL CIERRE DEL NEGOCIO,"DEBIDO A LA FALTA  HERRAMIENTA PARA PROYECTAR EN EL FLUJO DE CAJA, EL MANEJO DE SITUACIONES PRESUPUESTALES DE FIN DE AÑO SE REALIZARON DE TAL FORMA NO INTERFERÍAN PARCIALMENTE CON LO REFLEJADO EN EL PAC PARA LA FECHA DEL NEGOCIO EL ÁREA DE TESORERÍA.",
201,1,rberdugo,2.3.1.2.30,01 - AUDITORIA DE REGULARIDAD,SCON,"HALLAZGO ADMINISTRATIVO CON PRESUNTA INCIDENCIA DISCIPLINARIA POR FALTA CONSISTENCIA, SOPORTES Y TECNICIDAD DE ACTAS DE COMITÉ DE SOSTENIBILIDAD CONTABLE.","LA CAUSA DE LO ANTERIOR, ES LA FALTA DE PLANEACIÓN CONTROL DE LOS SISTEMAS DE INFORMACIÓN DESARTICULADOS EN CADA ÁREA, Y ES ASÍ, QUE NO SE CUMPLIÓ CON EL REQUISITO DE REALIZAR COMO MÍNIMO DOS VECES AL AÑO EL COMITÉ.",
202,1,rberdugo,2.3.1.2.6,01 - AUDITORIA DE REGULARIDAD,DRH,"HALLAZGO ADMINISTRATIVO CON PRESUNTA INCIDENCIA DISCIPLINARIA POR FALTA DE ACTUALIZACIÓN, IDENTIFICACIÓN, CLASIFICACIÓN, SOPORTES, CONCILIACIÓN, GESTIÓN, RECUPERACIÓN Y CONTROL EN EL REGISTRO, MANEJO Y RECOBRO DE LAS CUOTAS PARTES","PRESENTA INCERTIDUMBRE MATERIAL GENERALIZADA EN EL SALDO DE LA SUBCUENTA 147008 CUOTAS PARTES PENSIÓNALES E INCUMPLIMIENTO A LO ESTABLECIDO EN EL NUMERAL 7 CARACTERÍSTICAS CUALITATIVAS DE LA INFORMACIÓN CONTABLE PÚBLICA PÁRRAFOS 103, 104, 105, 106,108 SOB",
203,1,rberdugo,3.1.3.1,01 - AUDITORIA DE REGULARIDAD,OAJ,"HALLAZGO ADMINISTRATIVO CON PRESUNTA INCIDENCIA DISCIPLINARIA POR FALTA DE CONTROL Y SEGUIMIENTO A LAS ACTUACIONES PROCESALES POR PARTE DEL SUPERVISOR, Y AUSENCIA EN LOS EXPEDIENTES DE LOS DOCUMENTOS",FALTA DE  CONTROL DE CONTROL A LA GESTIÓN DE LOS ABAGADOS EXTERNOS,
204,1,rberdugo,3.1.3.2,01 - AUDITORIA DE REGULARIDAD,OAJ,HALLAZGO ADMINISTRATIVO CON INCIDENCIA FISCAL EN CUANTÍA DE $263.987.146 Y PRESUNTA INCIDENCIA DISCIPLINARIA Y PENAL POR OMISIÓN EN EL CUMPLIMIENTO DE MEDIDAS CAUTELARES,FALTA DE  CONTROL DE CONTROL A LA GESTIÓN DE LOS ABAGADOS EXTERNOS,
205,1,rberdugo,3.1.3.3,01 - AUDITORIA DE REGULARIDAD,OAJ,HALLAZGO ADMINISTRATIVO CON INCIDENCIA FISCAL EN CUANTÍA DE $159.501.217 Y PRESUNTA INCIDENCIA DISCIPLINARIA Y PENAL POR OMISIÓN EN EL CUMPLIMIENTO DE MEDIDAS CAUTELARES DE SUSPENSIÓN PROVISIONAL,FALTA DE  CONTROL DE CONTROL A LA GESTIÓN DE LOS ABAGADOS EXTERNOS,
206,1,rberdugo,3.1.3.4,01 - AUDITORIA DE REGULARIDAD,OAJ,"HALLAZGO ADMINISTRATIVO CON PRESUNTA INCIDENCIA DISCIPLINARIA Y PENAL POR OMISIÓN EN EL CUMPLIMIENTO DE MEDIDAS CAUTELARES DE SUSPENSIÓN PROVISIONAL, DECRETADA EN EL PROCESO 378 DE 2008.",FALTA DE  CONTROL DE CONTROL A LA GESTIÓN DE LOS ABAGADOS EXTERNOS,
207,1,rberdugo,3.1.4.1,01 - AUDITORIA DE REGULARIDAD,ODO,"HALLAZGO ADMINISTRATIVO CON INCIDENCIA FISCAL EN CUANTÍA DE $116.866.811 Y PRESUNTA INCIDENCIA DISCIPLINARIA, POR HABER CANCELADO PUNTOS Y BONIFICACIÓN SALARIAL, SIN EL CUMPLIMIENTO DE LOS REQUISITOS ESTABLECIDOS EN LA NORMATIVIDAD",ERROR EN EL CALCULO DE PUNTAJES  A LOS DOCENTES  DE LA UNIVERSIDAD FRANCISCO JOSÉ DE CALDAS,
208,1,rberdugo,3.3,02 - AUDITORIA DE DESEMPEÑO,OAJ,"HALLAZGO ADMINISTRATIVO CON INCIDENCIA DISCIPLINARIA Y FISCAL EN CUANTÍA $2.542.231.964, POR EL PAGO DE DOBLES PENSIONES DURANTE EL PERIODO COMPRENDIDO ENTRE JULIO DE 2014 Y JULIO DE 2015.",FALTA DE ACCIONES PREVENTIVAS Y CORRECTIVAS EN MATERIA DE DOBLES PENSIONES,
209,1,rberdugo,3.4.1,01 - AUDITORIA DE REGULARIDAD,OAJ,"HALLAZGO ADMINISTRATIVO, CON PRESUNTA INCIDENCIA DISCIPLINARIA Y FISCAL EN CUANTÍA DE $121.476.318, CON OCASIÓN DE LA IRREGULAR ASIGNACIÓN Y PAGO DE PUNTOS A DOCENTES QUE NO TENÍAN DERECHO, YA SEA PORQUE NO REUNÍAN LOS REQUISITOS PARA ELLO O BIEN PORQUE L","LA UNIVERSIDAD DISTRITAL FRANCISCO JOSÉ DE CALDAS, CON LA ANUENCIA DE 8 DE LOS DOCENTES, PROCEDIÓ A REVOCAR LOS PUNTOS SALARIALES DE MÁS CONCEDIDOS DE FORMA IRREGULAR, GENERANDO UNOS PAGOS DE LO NO DEBIDO EN CUANTÍA DE $121.476.318. REVISADAS CADA UNA DE ",
210,1,rberdugo,3.7.1,01 - AUDITORIA DE REGULARIDAD,IDEXUD,"HALLAZGO ADMINISTRATIVO CON PRESUNTA INCIDENCIA DISCIPLINARIA, POR LA FALTA DE PLANEACIÓN, CONTROL, SEGUIMIENTO Y FLUJO DE INFORMACIÓN INHERENTE A LOS PROCESOS CONTRACTUALES SUSCRITOS POR EL IDEXUD, PARA DAR CUMPLIMIENTO AL CONVENIO INTERADMINISTRATIVO NO","EL IDEXUD, NO ASEGURA LOS CRITERIOS PARA  LA ENTREGA FINAL DE LOS PRODUCTOS GENERADOS EN LA EJECUCIÓN Y TERMINACIÓN DEL PROYECTO QUE REPOSE EN LAS INSTALACIONES DEL ARCHIVO DE GESTIÓN.",
211,1,rberdugo,7.2,09 - OTRAS,OAPC,HALLAZGO ADMINISTRATIVO CON PRESUNTA INCIDENCIA DISCIPLINARIA. NO IMPLEMENTACION EN SU TOTALIDAD DEL SGC Y MECI EN LA UDFJC,ATRASO EN LA IMPLEMENTACIÓN DE LOS SISTEMAS DE GESTIÓN,
